time,RegionName,value
2008-04-01,99301,130400.0
2008-04-01,76051,215900.0
2008-04-01,78210,75400.0
2008-04-01,76039,147200.0
2008-04-01,75028,217900.0
2008-04-01,15217,201500.0
2008-04-01,75035,235500.0
2008-04-01,2453,392000.0
2008-04-01,78602,127200.0
2008-04-01,76116,121100.0
2008-04-01,76021,166900.0
2008-04-01,75019,268900.0
2008-04-01,76040,142600.0
2008-04-01,43221,226100.0
2008-04-01,77840,138000.0
2008-04-01,78748,187400.0
2008-04-01,78626,157000.0
2008-04-01,37129,155700.0
2008-04-01,43214,199500.0
2008-04-01,80910,137500.0
2008-04-01,70663,102400.0
2008-04-01,78728,178300.0
2008-04-01,75287,224400.0
2008-04-01,58078,163300.0
2008-04-01,76108,110100.0
2008-05-01,99301,130000.0
2008-05-01,76051,215300.0
2008-05-01,78210,74700.0
2008-05-01,76039,147000.0
2008-05-01,75028,217600.0
2008-05-01,15217,201800.0
2008-05-01,75035,235200.0
2008-05-01,2453,389900.0
2008-05-01,78602,127200.0
2008-05-01,76116,121200.0
2008-05-01,76021,166700.0
2008-05-01,75019,268000.0
2008-05-01,76040,141900.0
2008-05-01,43221,225700.0
2008-05-01,77840,138200.0
2008-05-01,78748,187100.0
2008-05-01,78626,157100.0
2008-05-01,37129,155400.0
2008-05-01,43214,199300.0
2008-05-01,80910,136200.0
2008-05-01,70663,102200.0
2008-05-01,78728,178900.0
2008-05-01,75287,224200.0
2008-05-01,58078,163600.0
2008-05-01,76108,109400.0
2008-06-01,99301,129900.0
2008-06-01,76051,214500.0
2008-06-01,78210,74100.0
2008-06-01,76039,146700.0
2008-06-01,75028,217600.0
2008-06-01,15217,202600.0
2008-06-01,75035,235300.0
2008-06-01,2453,387900.0
2008-06-01,78602,127500.0
2008-06-01,76116,121300.0
2008-06-01,76021,166600.0
2008-06-01,75019,267200.0
2008-06-01,76040,141400.0
2008-06-01,43221,225200.0
2008-06-01,77840,138400.0
2008-06-01,78748,187100.0
2008-06-01,78626,157400.0
2008-06-01,37129,154800.0
2008-06-01,43214,199000.0
2008-06-01,80910,135000.0
2008-06-01,70663,101900.0
2008-06-01,78728,179300.0
2008-06-01,75287,224500.0
2008-06-01,58078,163900.0
2008-06-01,76108,108700.0
2008-07-01,99301,129700.0
2008-07-01,76051,213900.0
2008-07-01,78210,73500.0
2008-07-01,76039,146500.0
2008-07-01,75028,217800.0
2008-07-01,15217,203500.0
2008-07-01,75035,235500.0
2008-07-01,2453,386000.0
2008-07-01,78602,127400.0
2008-07-01,76116,121300.0
2008-07-01,76021,166500.0
2008-07-01,75019,267300.0
2008-07-01,76040,141100.0
2008-07-01,43221,224600.0
2008-07-01,77840,138600.0
2008-07-01,78748,187000.0
2008-07-01,78626,157700.0
2008-07-01,37129,154100.0
2008-07-01,43214,198700.0
2008-07-01,80910,134100.0
2008-07-01,70663,101800.0
2008-07-01,78728,179400.0
2008-07-01,75287,225100.0
2008-07-01,58078,164300.0
2008-07-01,76108,108200.0
2008-08-01,99301,129500.0
2008-08-01,76051,213600.0
2008-08-01,78210,73100.0
2008-08-01,76039,146600.0
2008-08-01,75028,218200.0
2008-08-01,15217,204100.0
2008-08-01,75035,235700.0
2008-08-01,2453,384800.0
2008-08-01,78602,126700.0
2008-08-01,76116,121000.0
2008-08-01,76021,166400.0
2008-08-01,75019,267800.0
2008-08-01,76040,141000.0
2008-08-01,43221,224000.0
2008-08-01,77840,138700.0
2008-08-01,78748,186900.0
2008-08-01,78626,157900.0
2008-08-01,37129,153400.0
2008-08-01,43214,198500.0
2008-08-01,80910,133600.0
2008-08-01,70663,102200.0
2008-08-01,78728,179200.0
2008-08-01,75287,225700.0
2008-08-01,58078,164600.0
2008-08-01,76108,107800.0
2008-09-01,99301,129400.0
2008-09-01,76051,213500.0
2008-09-01,78210,72900.0
2008-09-01,76039,146800.0
2008-09-01,75028,218800.0
2008-09-01,15217,204700.0
2008-09-01,75035,235900.0
2008-09-01,2453,384200.0
2008-09-01,78602,125700.0
2008-09-01,76116,120900.0
2008-09-01,76021,166400.0
2008-09-01,75019,268600.0
2008-09-01,76040,140900.0
2008-09-01,43221,223400.0
2008-09-01,77840,138700.0
2008-09-01,78748,186800.0
2008-09-01,78626,158000.0
2008-09-01,37129,152700.0
2008-09-01,43214,198600.0
2008-09-01,80910,133300.0
2008-09-01,70663,102900.0
2008-09-01,78728,178800.0
2008-09-01,75287,226400.0
2008-09-01,58078,164900.0
2008-09-01,76108,107600.0
2008-10-01,99301,129500.0
2008-10-01,76051,213700.0
2008-10-01,78210,72600.0
2008-10-01,76039,146900.0
2008-10-01,75028,219300.0
2008-10-01,15217,205400.0
2008-10-01,75035,236200.0
2008-10-01,2453,384100.0
2008-10-01,78602,124900.0
2008-10-01,76116,120900.0
2008-10-01,76021,166400.0
2008-10-01,75019,269400.0
2008-10-01,76040,140800.0
2008-10-01,43221,222900.0
2008-10-01,77840,138800.0
2008-10-01,78748,186700.0
2008-10-01,78626,158000.0
2008-10-01,37129,152200.0
2008-10-01,43214,198700.0
2008-10-01,80910,133000.0
2008-10-01,70663,103500.0
2008-10-01,78728,178500.0
2008-10-01,75287,227200.0
2008-10-01,58078,165000.0
2008-10-01,76108,107400.0
2008-11-01,99301,129600.0
2008-11-01,76051,214300.0
2008-11-01,78210,72400.0
2008-11-01,76039,147000.0
2008-11-01,75028,219800.0
2008-11-01,15217,206200.0
2008-11-01,75035,236600.0
2008-11-01,2453,384100.0
2008-11-01,78602,124200.0
2008-11-01,76116,121000.0
2008-11-01,76021,166600.0
2008-11-01,75019,270300.0
2008-11-01,76040,140700.0
2008-11-01,43221,222300.0
2008-11-01,77840,139000.0
2008-11-01,78748,186500.0
2008-11-01,78626,157800.0
2008-11-01,37129,151700.0
2008-11-01,43214,198900.0
2008-11-01,80910,132800.0
2008-11-01,70663,104000.0
2008-11-01,78728,178400.0
2008-11-01,75287,228100.0
2008-11-01,58078,165100.0
2008-11-01,76108,107200.0
2008-12-01,99301,129800.0
2008-12-01,76051,215000.0
2008-12-01,78210,72300.0
2008-12-01,76039,147100.0
2008-12-01,75028,220200.0
2008-12-01,15217,207300.0
2008-12-01,75035,237000.0
2008-12-01,2453,384100.0
2008-12-01,78602,123600.0
2008-12-01,76116,121200.0
2008-12-01,76021,166900.0
2008-12-01,75019,271300.0
2008-12-01,76040,140700.0
2008-12-01,43221,221800.0
2008-12-01,77840,139200.0
2008-12-01,78748,186500.0
2008-12-01,78626,157400.0
2008-12-01,37129,151500.0
2008-12-01,43214,199000.0
2008-12-01,80910,132600.0
2008-12-01,70663,104300.0
2008-12-01,78728,178400.0
2008-12-01,75287,229000.0
2008-12-01,58078,165200.0
2008-12-01,76108,107100.0
2009-01-01,99301,129800.0
2009-01-01,76051,215700.0
2009-01-01,78210,72200.0
2009-01-01,76039,147300.0
2009-01-01,75028,220700.0
2009-01-01,15217,208400.0
2009-01-01,75035,237400.0
2009-01-01,2453,384700.0
2009-01-01,78602,123000.0
2009-01-01,76116,121500.0
2009-01-01,76021,167300.0
2009-01-01,75019,272200.0
2009-01-01,76040,140900.0
2009-01-01,43221,221500.0
2009-01-01,77840,139500.0
2009-01-01,78748,186600.0
2009-01-01,78626,156900.0
2009-01-01,37129,151400.0
2009-01-01,43214,199100.0
2009-01-01,80910,132500.0
2009-01-01,70663,104500.0
2009-01-01,78728,178300.0
2009-01-01,75287,230000.0
2009-01-01,58078,165400.0
2009-01-01,76108,107300.0
2009-02-01,99301,130000.0
2009-02-01,76051,216400.0
2009-02-01,78210,72100.0
2009-02-01,76039,147600.0
2009-02-01,75028,221400.0
2009-02-01,15217,209600.0
2009-02-01,75035,237700.0
2009-02-01,2453,385400.0
2009-02-01,78602,122400.0
2009-02-01,76116,121500.0
2009-02-01,76021,167700.0
2009-02-01,75019,273100.0
2009-02-01,76040,141100.0
2009-02-01,43221,221300.0
2009-02-01,77840,139700.0
2009-02-01,78748,186800.0
2009-02-01,78626,156500.0
2009-02-01,37129,151200.0
2009-02-01,43214,199400.0
2009-02-01,80910,132400.0
2009-02-01,70663,104800.0
2009-02-01,78728,178300.0
2009-02-01,75287,230800.0
2009-02-01,58078,165700.0
2009-02-01,76108,107300.0
2009-03-01,99301,130000.0
2009-03-01,76051,217100.0
2009-03-01,78210,71900.0
2009-03-01,76039,147700.0
2009-03-01,75028,222100.0
2009-03-01,15217,210800.0
2009-03-01,75035,237800.0
2009-03-01,2453,384800.0
2009-03-01,78602,121700.0
2009-03-01,76116,121500.0
2009-03-01,76021,167900.0
2009-03-01,75019,274000.0
2009-03-01,76040,141300.0
2009-03-01,43221,221100.0
2009-03-01,77840,140000.0
2009-03-01,78748,186700.0
2009-03-01,78626,156100.0
2009-03-01,37129,151100.0
2009-03-01,43214,199600.0
2009-03-01,80910,132100.0
2009-03-01,70663,105100.0
2009-03-01,78728,178300.0
2009-03-01,75287,231400.0
2009-03-01,58078,166100.0
2009-03-01,76108,107000.0
2009-04-01,99301,129500.0
2009-04-01,76051,217400.0
2009-04-01,78210,71600.0
2009-04-01,76039,147500.0
2009-04-01,75028,222500.0
2009-04-01,15217,211600.0
2009-04-01,75035,237600.0
2009-04-01,2453,382700.0
2009-04-01,78602,121000.0
2009-04-01,76116,121400.0
2009-04-01,76021,167900.0
2009-04-01,75019,275000.0
2009-04-01,76040,141200.0
2009-04-01,43221,220600.0
2009-04-01,77840,140300.0
2009-04-01,78748,186500.0
2009-04-01,78626,155900.0
2009-04-01,37129,150900.0
2009-04-01,43214,199600.0
2009-04-01,80910,131700.0
2009-04-01,70663,105500.0
2009-04-01,78728,178100.0
2009-04-01,75287,231800.0
2009-04-01,58078,166300.0
2009-04-01,76108,106600.0
2009-05-01,99301,128800.0
2009-05-01,76051,217300.0
2009-05-01,78210,71300.0
2009-05-01,76039,147300.0
2009-05-01,75028,223000.0
2009-05-01,15217,212400.0
2009-05-01,75035,237500.0
2009-05-01,2453,380000.0
2009-05-01,78602,120200.0
2009-05-01,76116,121400.0
2009-05-01,76021,167800.0
2009-05-01,75019,275400.0
2009-05-01,76040,141000.0
2009-05-01,43221,219800.0
2009-05-01,77840,140500.0
2009-05-01,78748,186200.0
2009-05-01,78626,155800.0
2009-05-01,37129,150400.0
2009-05-01,43214,199300.0
2009-05-01,80910,131000.0
2009-05-01,70663,106100.0
2009-05-01,78728,177800.0
2009-05-01,75287,232400.0
2009-05-01,58078,166400.0
2009-05-01,76108,106100.0
2009-06-01,99301,128900.0
2009-06-01,76051,217500.0
2009-06-01,78210,71100.0
2009-06-01,76039,147200.0
2009-06-01,75028,223100.0
2009-06-01,15217,213000.0
2009-06-01,75035,237500.0
2009-06-01,2453,377500.0
2009-06-01,78602,119800.0
2009-06-01,76116,121500.0
2009-06-01,76021,167600.0
2009-06-01,75019,275400.0
2009-06-01,76040,140900.0
2009-06-01,43221,219000.0
2009-06-01,77840,140900.0
2009-06-01,78748,186100.0
2009-06-01,78626,155200.0
2009-06-01,37129,149700.0
2009-06-01,43214,199000.0
2009-06-01,80910,130400.0
2009-06-01,70663,106500.0
2009-06-01,78728,177700.0
2009-06-01,75287,233000.0
2009-06-01,58078,166600.0
2009-06-01,76108,105900.0
2009-07-01,99301,129600.0
2009-07-01,76051,218800.0
2009-07-01,78210,70700.0
2009-07-01,76039,147900.0
2009-07-01,75028,222600.0
2009-07-01,15217,212900.0
2009-07-01,75035,237300.0
2009-07-01,2453,376300.0
2009-07-01,78602,120200.0
2009-07-01,76116,122100.0
2009-07-01,76021,167800.0
2009-07-01,75019,275400.0
2009-07-01,76040,141300.0
2009-07-01,43221,219100.0
2009-07-01,77840,141600.0
2009-07-01,78748,186000.0
2009-07-01,78626,154100.0
2009-07-01,37129,149200.0
2009-07-01,43214,199100.0
2009-07-01,80910,130300.0
2009-07-01,70663,106300.0
2009-07-01,78728,177800.0
2009-07-01,75287,233700.0
2009-07-01,58078,167100.0
2009-07-01,76108,106200.0
2009-08-01,99301,131000.0
2009-08-01,76051,221000.0
2009-08-01,78210,70300.0
2009-08-01,76039,148900.0
2009-08-01,75028,222200.0
2009-08-01,15217,212100.0
2009-08-01,75035,237100.0
2009-08-01,2453,376500.0
2009-08-01,78602,121000.0
2009-08-01,76116,122900.0
2009-08-01,76021,168400.0
2009-08-01,75019,275200.0
2009-08-01,76040,141800.0
2009-08-01,43221,219600.0
2009-08-01,77840,142500.0
2009-08-01,78748,186000.0
2009-08-01,78626,152700.0
2009-08-01,37129,149000.0
2009-08-01,43214,199700.0
2009-08-01,80910,130600.0
2009-08-01,70663,105700.0
2009-08-01,78728,177900.0
2009-08-01,75287,234300.0
2009-08-01,58078,168100.0
2009-08-01,76108,107100.0
2009-09-01,99301,132600.0
2009-09-01,76051,222800.0
2009-09-01,78210,70100.0
2009-09-01,76039,149800.0
2009-09-01,75028,222400.0
2009-09-01,15217,211300.0
2009-09-01,75035,237300.0
2009-09-01,2453,377300.0
2009-09-01,78602,121800.0
2009-09-01,76116,123600.0
2009-09-01,76021,169200.0
2009-09-01,75019,274600.0
2009-09-01,76040,142400.0
2009-09-01,43221,220000.0
2009-09-01,77840,143200.0
2009-09-01,78748,186100.0
2009-09-01,78626,151700.0
2009-09-01,37129,148800.0
2009-09-01,43214,200300.0
2009-09-01,80910,130900.0
2009-09-01,70663,104800.0
2009-09-01,78728,177800.0
2009-09-01,75287,235000.0
2009-09-01,58078,169200.0
2009-09-01,76108,108000.0
2009-10-01,99301,134300.0
2009-10-01,76051,224500.0
2009-10-01,78210,70000.0
2009-10-01,76039,150400.0
2009-10-01,75028,223300.0
2009-10-01,15217,210600.0
2009-10-01,75035,237700.0
2009-10-01,2453,378500.0
2009-10-01,78602,122600.0
2009-10-01,76116,124300.0
2009-10-01,76021,169700.0
2009-10-01,75019,273800.0
2009-10-01,76040,142900.0
2009-10-01,43221,220000.0
2009-10-01,77840,143800.0
2009-10-01,78748,186200.0
2009-10-01,78626,151100.0
2009-10-01,37129,148500.0
2009-10-01,43214,200600.0
2009-10-01,80910,131000.0
2009-10-01,70663,103700.0
2009-10-01,78728,177700.0
2009-10-01,75287,235900.0
2009-10-01,58078,170000.0
2009-10-01,76108,108600.0
2009-11-01,99301,135700.0
2009-11-01,76051,225900.0
2009-11-01,78210,70100.0
2009-11-01,76039,150700.0
2009-11-01,75028,224300.0
2009-11-01,15217,210300.0
2009-11-01,75035,238400.0
2009-11-01,2453,379500.0
2009-11-01,78602,123300.0
2009-11-01,76116,124800.0
2009-11-01,76021,170100.0
2009-11-01,75019,273000.0
2009-11-01,76040,143300.0
2009-11-01,43221,219700.0
2009-11-01,77840,144300.0
2009-11-01,78748,186300.0
2009-11-01,78626,150600.0
2009-11-01,37129,148300.0
2009-11-01,43214,200700.0
2009-11-01,80910,131100.0
2009-11-01,70663,102700.0
2009-11-01,78728,177600.0
2009-11-01,75287,236900.0
2009-11-01,58078,170400.0
2009-11-01,76108,109100.0
2009-12-01,99301,137000.0
2009-12-01,76051,226900.0
2009-12-01,78210,70700.0
2009-12-01,76039,150800.0
2009-12-01,75028,225300.0
2009-12-01,15217,210400.0
2009-12-01,75035,238900.0
2009-12-01,2453,381000.0
2009-12-01,78602,124200.0
2009-12-01,76116,124500.0
2009-12-01,76021,170300.0
2009-12-01,75019,272300.0
2009-12-01,76040,143400.0
2009-12-01,43221,219300.0
2009-12-01,77840,144800.0
2009-12-01,78748,186400.0
2009-12-01,78626,150000.0
2009-12-01,37129,148200.0
2009-12-01,43214,200600.0
2009-12-01,80910,131100.0
2009-12-01,70663,101700.0
2009-12-01,78728,177500.0
2009-12-01,75287,237900.0
2009-12-01,58078,171100.0
2009-12-01,76108,109300.0
2010-01-01,99301,138800.0
2010-01-01,76051,227400.0
2010-01-01,78210,71200.0
2010-01-01,76039,151100.0
2010-01-01,75028,226000.0
2010-01-01,15217,210700.0
2010-01-01,75035,239300.0
2010-01-01,2453,382200.0
2010-01-01,78602,124700.0
2010-01-01,76116,124300.0
2010-01-01,76021,170600.0
2010-01-01,75019,272000.0
2010-01-01,76040,143600.0
2010-01-01,43221,219200.0
2010-01-01,77840,145500.0
2010-01-01,78748,186600.0
2010-01-01,78626,149500.0
2010-01-01,37129,148400.0
2010-01-01,43214,200600.0
2010-01-01,80910,131100.0
2010-01-01,70663,101300.0
2010-01-01,78728,177900.0
2010-01-01,75287,238500.0
2010-01-01,58078,171900.0
2010-01-01,76108,108900.0
2010-02-01,99301,139100.0
2010-02-01,76051,227800.0
2010-02-01,78210,71200.0
2010-02-01,76039,151400.0
2010-02-01,75028,226300.0
2010-02-01,15217,211100.0
2010-02-01,75035,239500.0
2010-02-01,2453,383500.0
2010-02-01,78602,124600.0
2010-02-01,76116,124600.0
2010-02-01,76021,171100.0
2010-02-01,75019,272300.0
2010-02-01,76040,144000.0
2010-02-01,43221,219600.0
2010-02-01,77840,145800.0
2010-02-01,78748,186700.0
2010-02-01,78626,149600.0
2010-02-01,37129,148700.0
2010-02-01,43214,200800.0
2010-02-01,80910,131300.0
2010-02-01,70663,101200.0
2010-02-01,78728,178200.0
2010-02-01,75287,239000.0
2010-02-01,58078,172400.0
2010-02-01,76108,109100.0
2010-03-01,99301,140800.0
2010-03-01,76051,228500.0
2010-03-01,78210,71500.0
2010-03-01,76039,151800.0
2010-03-01,75028,226600.0
2010-03-01,15217,212400.0
2010-03-01,75035,240300.0
2010-03-01,2453,383700.0
2010-03-01,78602,124800.0
2010-03-01,76116,124700.0
2010-03-01,76021,170900.0
2010-03-01,75019,270700.0
2010-03-01,76040,144600.0
2010-03-01,43221,219200.0
2010-03-01,77840,145500.0
2010-03-01,78748,187100.0
2010-03-01,78626,149800.0
2010-03-01,37129,148000.0
2010-03-01,43214,200500.0
2010-03-01,80910,130900.0
2010-03-01,70663,101300.0
2010-03-01,78728,178300.0
2010-03-01,75287,238300.0
2010-03-01,58078,172400.0
2010-03-01,76108,109500.0
2010-04-01,99301,145800.0
2010-04-01,76051,230100.0
2010-04-01,78210,72400.0
2010-04-01,76039,152500.0
2010-04-01,75028,226900.0
2010-04-01,15217,213700.0
2010-04-01,75035,241500.0
2010-04-01,2453,382900.0
2010-04-01,78602,125700.0
2010-04-01,76116,124400.0
2010-04-01,76021,170500.0
2010-04-01,75019,267300.0
2010-04-01,76040,145400.0
2010-04-01,43221,219200.0
2010-04-01,77840,145600.0
2010-04-01,78748,187600.0
2010-04-01,78626,149300.0
2010-04-01,37129,147000.0
2010-04-01,43214,200000.0
2010-04-01,80910,130200.0
2010-04-01,70663,102200.0
2010-04-01,78728,178600.0
2010-04-01,75287,237300.0
2010-04-01,58078,172300.0
2010-04-01,76108,109300.0
2010-05-01,99301,151400.0
2010-05-01,76051,231900.0
2010-05-01,78210,72700.0
2010-05-01,76039,153400.0
2010-05-01,75028,227000.0
2010-05-01,15217,213600.0
2010-05-01,75035,242000.0
2010-05-01,2453,382800.0
2010-05-01,78602,126900.0
2010-05-01,76116,123800.0
2010-05-01,76021,170700.0
2010-05-01,75019,264900.0
2010-05-01,76040,146500.0
2010-05-01,43221,220700.0
2010-05-01,77840,146400.0
2010-05-01,78748,187600.0
2010-05-01,78626,148500.0
2010-05-01,37129,146700.0
2010-05-01,43214,200800.0
2010-05-01,80910,130300.0
2010-05-01,70663,103300.0
2010-05-01,78728,178800.0
2010-05-01,75287,237700.0
2010-05-01,58078,171800.0
2010-05-01,76108,108900.0
2010-06-01,99301,154000.0
2010-06-01,76051,232800.0
2010-06-01,78210,72300.0
2010-06-01,76039,154000.0
2010-06-01,75028,227000.0
2010-06-01,15217,212700.0
2010-06-01,75035,241600.0
2010-06-01,2453,385200.0
2010-06-01,78602,127500.0
2010-06-01,76116,122600.0
2010-06-01,76021,171000.0
2010-06-01,75019,264600.0
2010-06-01,76040,146800.0
2010-06-01,43221,222400.0
2010-06-01,77840,147000.0
2010-06-01,78748,187000.0
2010-06-01,78626,148000.0
2010-06-01,37129,147000.0
2010-06-01,43214,201800.0
2010-06-01,80910,130600.0
2010-06-01,70663,103500.0
2010-06-01,78728,178100.0
2010-06-01,75287,239000.0
2010-06-01,58078,170900.0
2010-06-01,76108,108300.0
2010-07-01,99301,156300.0
2010-07-01,76051,233600.0
2010-07-01,78210,71800.0
2010-07-01,76039,154500.0
2010-07-01,75028,227500.0
2010-07-01,15217,212600.0
2010-07-01,75035,241600.0
2010-07-01,2453,388000.0
2010-07-01,78602,127600.0
2010-07-01,76116,121500.0
2010-07-01,76021,171300.0
2010-07-01,75019,263600.0
2010-07-01,76040,146400.0
2010-07-01,43221,222800.0
2010-07-01,77840,147000.0
2010-07-01,78748,186300.0
2010-07-01,78626,148200.0
2010-07-01,37129,146700.0
2010-07-01,43214,201100.0
2010-07-01,80910,130600.0
2010-07-01,70663,103800.0
2010-07-01,78728,177000.0
2010-07-01,75287,239500.0
2010-07-01,58078,170600.0
2010-07-01,76108,107300.0
2010-08-01,99301,157800.0
2010-08-01,76051,234400.0
2010-08-01,78210,71200.0
2010-08-01,76039,154400.0
2010-08-01,75028,227800.0
2010-08-01,15217,212600.0
2010-08-01,75035,242000.0
2010-08-01,2453,390200.0
2010-08-01,78602,127600.0
2010-08-01,76116,120800.0
2010-08-01,76021,171500.0
2010-08-01,75019,262400.0
2010-08-01,76040,145700.0
2010-08-01,43221,222300.0
2010-08-01,77840,146800.0
2010-08-01,78748,185600.0
2010-08-01,78626,149100.0
2010-08-01,37129,146200.0
2010-08-01,43214,199300.0
2010-08-01,80910,129900.0
2010-08-01,70663,103500.0
2010-08-01,78728,176300.0
2010-08-01,75287,239100.0
2010-08-01,58078,171100.0
2010-08-01,76108,106100.0
2010-09-01,99301,158900.0
2010-09-01,76051,234700.0
2010-09-01,78210,70600.0
2010-09-01,76039,154200.0
2010-09-01,75028,228200.0
2010-09-01,15217,212500.0
2010-09-01,75035,241800.0
2010-09-01,2453,390900.0
2010-09-01,78602,127700.0
2010-09-01,76116,119700.0
2010-09-01,76021,171300.0
2010-09-01,75019,261500.0
2010-09-01,76040,144800.0
2010-09-01,43221,222000.0
2010-09-01,77840,146300.0
2010-09-01,78748,185100.0
2010-09-01,78626,150100.0
2010-09-01,37129,145400.0
2010-09-01,43214,198000.0
2010-09-01,80910,129000.0
2010-09-01,70663,103100.0
2010-09-01,78728,176500.0
2010-09-01,75287,237300.0
2010-09-01,58078,171100.0
2010-09-01,76108,104500.0
2010-10-01,99301,159700.0
2010-10-01,76051,233900.0
2010-10-01,78210,70300.0
2010-10-01,76039,153700.0
2010-10-01,75028,228400.0
2010-10-01,15217,212200.0
2010-10-01,75035,241400.0
2010-10-01,2453,389600.0
2010-10-01,78602,127300.0
2010-10-01,76116,118100.0
2010-10-01,76021,170600.0
2010-10-01,75019,260200.0
2010-10-01,76040,143100.0
2010-10-01,43221,221600.0
2010-10-01,77840,145900.0
2010-10-01,78748,185200.0
2010-10-01,78626,150400.0
2010-10-01,37129,144600.0
2010-10-01,43214,196900.0
2010-10-01,80910,128400.0
2010-10-01,70663,104000.0
2010-10-01,78728,176800.0
2010-10-01,75287,234400.0
2010-10-01,58078,170500.0
2010-10-01,76108,103200.0
2010-11-01,99301,159900.0
2010-11-01,76051,232100.0
2010-11-01,78210,69900.0
2010-11-01,76039,153500.0
2010-11-01,75028,228600.0
2010-11-01,15217,211600.0
2010-11-01,75035,241100.0
2010-11-01,2453,388000.0
2010-11-01,78602,126700.0
2010-11-01,76116,116800.0
2010-11-01,76021,169600.0
2010-11-01,75019,258800.0
2010-11-01,76040,141100.0
2010-11-01,43221,221500.0
2010-11-01,77840,145900.0
2010-11-01,78748,185600.0
2010-11-01,78626,150000.0
2010-11-01,37129,143900.0
2010-11-01,43214,196000.0
2010-11-01,80910,127800.0
2010-11-01,70663,105600.0
2010-11-01,78728,176500.0
2010-11-01,75287,232100.0
2010-11-01,58078,169500.0
2010-11-01,76108,102300.0
2010-12-01,99301,159700.0
2010-12-01,76051,230100.0
2010-12-01,78210,69100.0
2010-12-01,76039,154000.0
2010-12-01,75028,229000.0
2010-12-01,15217,211100.0
2010-12-01,75035,240600.0
2010-12-01,2453,386600.0
2010-12-01,78602,126300.0
2010-12-01,76116,116700.0
2010-12-01,76021,169000.0
2010-12-01,75019,258400.0
2010-12-01,76040,139900.0
2010-12-01,43221,221700.0
2010-12-01,77840,146100.0
2010-12-01,78748,185800.0
2010-12-01,78626,149600.0
2010-12-01,37129,143400.0
2010-12-01,43214,195500.0
2010-12-01,80910,126900.0
2010-12-01,70663,106600.0
2010-12-01,78728,175800.0
2010-12-01,75287,231200.0
2010-12-01,58078,168800.0
2010-12-01,76108,101700.0
2011-01-01,99301,160000.0
2011-01-01,76051,228900.0
2011-01-01,78210,68600.0
2011-01-01,76039,154100.0
2011-01-01,75028,229400.0
2011-01-01,15217,210600.0
2011-01-01,75035,240200.0
2011-01-01,2453,383700.0
2011-01-01,78602,126300.0
2011-01-01,76116,116800.0
2011-01-01,76021,168600.0
2011-01-01,75019,258300.0
2011-01-01,76040,139200.0
2011-01-01,43221,221500.0
2011-01-01,77840,146000.0
2011-01-01,78748,185100.0
2011-01-01,78626,149700.0
2011-01-01,37129,142900.0
2011-01-01,43214,195100.0
2011-01-01,80910,125600.0
2011-01-01,70663,107500.0
2011-01-01,78728,174800.0
2011-01-01,75287,230300.0
2011-01-01,58078,168700.0
2011-01-01,76108,101100.0
2011-02-01,99301,160500.0
2011-02-01,76051,228200.0
2011-02-01,78210,68400.0
2011-02-01,76039,153700.0
2011-02-01,75028,229100.0
2011-02-01,15217,209700.0
2011-02-01,75035,240200.0
2011-02-01,2453,379000.0
2011-02-01,78602,126800.0
2011-02-01,76116,116400.0
2011-02-01,76021,168000.0
2011-02-01,75019,257900.0
2011-02-01,76040,138000.0
2011-02-01,43221,219500.0
2011-02-01,77840,145500.0
2011-02-01,78748,184100.0
2011-02-01,78626,150100.0
2011-02-01,37129,142400.0
2011-02-01,43214,193300.0
2011-02-01,80910,124300.0
2011-02-01,70663,107700.0
2011-02-01,78728,174100.0
2011-02-01,75287,229400.0
2011-02-01,58078,169500.0
2011-02-01,76108,100300.0
2011-03-01,99301,160100.0
2011-03-01,76051,227100.0
2011-03-01,78210,67900.0
2011-03-01,76039,153200.0
2011-03-01,75028,228800.0
2011-03-01,15217,208400.0
2011-03-01,75035,239900.0
2011-03-01,2453,377000.0
2011-03-01,78602,127700.0
2011-03-01,76116,115400.0
2011-03-01,76021,167600.0
2011-03-01,75019,257600.0
2011-03-01,76040,136100.0
2011-03-01,43221,217800.0
2011-03-01,77840,145700.0
2011-03-01,78748,183600.0
2011-03-01,78626,150300.0
2011-03-01,37129,141900.0
2011-03-01,43214,191900.0
2011-03-01,80910,123800.0
2011-03-01,70663,106500.0
2011-03-01,78728,174000.0
2011-03-01,75287,230100.0
2011-03-01,58078,170300.0
2011-03-01,76108,100000.0
2011-04-01,99301,159100.0
2011-04-01,76051,225100.0
2011-04-01,78210,67900.0
2011-04-01,76039,152400.0
2011-04-01,75028,229200.0
2011-04-01,15217,207600.0
2011-04-01,75035,239100.0
2011-04-01,2453,377900.0
2011-04-01,78602,128300.0
2011-04-01,76116,114300.0
2011-04-01,76021,167100.0
2011-04-01,75019,258400.0
2011-04-01,76040,134400.0
2011-04-01,43221,216900.0
2011-04-01,77840,146000.0
2011-04-01,78748,183200.0
2011-04-01,78626,150100.0
2011-04-01,37129,141200.0
2011-04-01,43214,191700.0
2011-04-01,80910,123400.0
2011-04-01,70663,104100.0
2011-04-01,78728,173900.0
2011-04-01,75287,230900.0
2011-04-01,58078,171100.0
2011-04-01,76108,100400.0
2011-05-01,99301,158200.0
2011-05-01,76051,223400.0
2011-05-01,78210,68400.0
2011-05-01,76039,151400.0
2011-05-01,75028,229400.0
2011-05-01,15217,206600.0
2011-05-01,75035,239100.0
2011-05-01,2453,378800.0
2011-05-01,78602,128200.0
2011-05-01,76116,113000.0
2011-05-01,76021,165900.0
2011-05-01,75019,259000.0
2011-05-01,76040,133000.0
2011-05-01,43221,215800.0
2011-05-01,77840,146500.0
2011-05-01,78748,182800.0
2011-05-01,78626,149900.0
2011-05-01,37129,140200.0
2011-05-01,43214,191200.0
2011-05-01,80910,122300.0
2011-05-01,70663,102100.0
2011-05-01,78728,173200.0
2011-05-01,75287,229200.0
2011-05-01,58078,172200.0
2011-05-01,76108,100700.0
2011-06-01,99301,157900.0
2011-06-01,76051,222800.0
2011-06-01,78210,68700.0
2011-06-01,76039,151100.0
2011-06-01,75028,229400.0
2011-06-01,15217,205500.0
2011-06-01,75035,239600.0
2011-06-01,2453,377700.0
2011-06-01,78602,127500.0
2011-06-01,76116,111800.0
2011-06-01,76021,165100.0
2011-06-01,75019,258800.0
2011-06-01,76040,132500.0
2011-06-01,43221,214600.0
2011-06-01,77840,146600.0
2011-06-01,78748,182600.0
2011-06-01,78626,150200.0
2011-06-01,37129,139100.0
2011-06-01,43214,190100.0
2011-06-01,80910,121000.0
2011-06-01,70663,101300.0
2011-06-01,78728,172700.0
2011-06-01,75287,225900.0
2011-06-01,58078,173500.0
2011-06-01,76108,101500.0
2011-07-01,99301,157600.0
2011-07-01,76051,222100.0
2011-07-01,78210,69100.0
2011-07-01,76039,150000.0
2011-07-01,75028,229500.0
2011-07-01,15217,204700.0
2011-07-01,75035,239700.0
2011-07-01,2453,374300.0
2011-07-01,78602,127100.0
2011-07-01,76116,111000.0
2011-07-01,76021,164900.0
2011-07-01,75019,258300.0
2011-07-01,76040,133000.0
2011-07-01,43221,213900.0
2011-07-01,77840,146100.0
2011-07-01,78748,182300.0
2011-07-01,78626,150400.0
2011-07-01,37129,138500.0
2011-07-01,43214,190300.0
2011-07-01,80910,119500.0
2011-07-01,70663,101600.0
2011-07-01,78728,172700.0
2011-07-01,75287,222700.0
2011-07-01,58078,174200.0
2011-07-01,76108,102500.0
2011-08-01,99301,157600.0
2011-08-01,76051,220700.0
2011-08-01,78210,69800.0
2011-08-01,76039,147500.0
2011-08-01,75028,229200.0
2011-08-01,15217,204600.0
2011-08-01,75035,239200.0
2011-08-01,2453,371000.0
2011-08-01,78602,127100.0
2011-08-01,76116,110300.0
2011-08-01,76021,164700.0
2011-08-01,75019,258600.0
2011-08-01,76040,134000.0
2011-08-01,43221,213600.0
2011-08-01,77840,145200.0
2011-08-01,78748,181900.0
2011-08-01,78626,150100.0
2011-08-01,37129,138500.0
2011-08-01,43214,191100.0
2011-08-01,80910,118400.0
2011-08-01,70663,101700.0
2011-08-01,78728,172500.0
2011-08-01,75287,220700.0
2011-08-01,58078,173900.0
2011-08-01,76108,102500.0
2011-09-01,99301,157600.0
2011-09-01,76051,220200.0
2011-09-01,78210,70100.0
2011-09-01,76039,145200.0
2011-09-01,75028,227400.0
2011-09-01,15217,205500.0
2011-09-01,75035,239000.0
2011-09-01,2453,368900.0
2011-09-01,78602,126900.0
2011-09-01,76116,110000.0
2011-09-01,76021,164600.0
2011-09-01,75019,259800.0
2011-09-01,76040,135300.0
2011-09-01,43221,213700.0
2011-09-01,77840,145100.0
2011-09-01,78748,181600.0
2011-09-01,78626,149200.0
2011-09-01,37129,138400.0
2011-09-01,43214,191100.0
2011-09-01,80910,118100.0
2011-09-01,70663,101100.0
2011-09-01,78728,171900.0
2011-09-01,75287,220800.0
2011-09-01,58078,172500.0
2011-09-01,76108,102500.0
2011-10-01,99301,157400.0
2011-10-01,76051,219500.0
2011-10-01,78210,69700.0
2011-10-01,76039,144100.0
2011-10-01,75028,225800.0
2011-10-01,15217,206900.0
2011-10-01,75035,238800.0
2011-10-01,2453,367500.0
2011-10-01,78602,126700.0
2011-10-01,76116,109800.0
2011-10-01,76021,164800.0
2011-10-01,75019,261500.0
2011-10-01,76040,137200.0
2011-10-01,43221,214300.0
2011-10-01,77840,145500.0
2011-10-01,78748,181500.0
2011-10-01,78626,148500.0
2011-10-01,37129,138600.0
2011-10-01,43214,190500.0
2011-10-01,80910,118200.0
2011-10-01,70663,98700.0
2011-10-01,78728,171300.0
2011-10-01,75287,222900.0
2011-10-01,58078,170900.0
2011-10-01,76108,102500.0
2011-11-01,99301,157700.0
2011-11-01,76051,218400.0
2011-11-01,78210,69200.0
2011-11-01,76039,143500.0
2011-11-01,75028,225400.0
2011-11-01,15217,207400.0
2011-11-01,75035,238300.0
2011-11-01,2453,367300.0
2011-11-01,78602,126700.0
2011-11-01,76116,109600.0
2011-11-01,76021,165000.0
2011-11-01,75019,262700.0
2011-11-01,76040,139500.0
2011-11-01,43221,214900.0
2011-11-01,77840,145300.0
2011-11-01,78748,181300.0
2011-11-01,78626,148400.0
2011-11-01,37129,138900.0
2011-11-01,43214,190800.0
2011-11-01,80910,118100.0
2011-11-01,70663,96900.0
2011-11-01,78728,170400.0
2011-11-01,75287,224800.0
2011-11-01,58078,169900.0
2011-11-01,76108,102000.0
2011-12-01,99301,159000.0
2011-12-01,76051,218400.0
2011-12-01,78210,68500.0
2011-12-01,76039,142800.0
2011-12-01,75028,226000.0
2011-12-01,15217,208100.0
2011-12-01,75035,237800.0
2011-12-01,2453,369100.0
2011-12-01,78602,126500.0
2011-12-01,76116,108800.0
2011-12-01,76021,164800.0
2011-12-01,75019,263600.0
2011-12-01,76040,141100.0
2011-12-01,43221,215700.0
2011-12-01,77840,144500.0
2011-12-01,78748,180900.0
2011-12-01,78626,148700.0
2011-12-01,37129,138900.0
2011-12-01,43214,191800.0
2011-12-01,80910,117900.0
2011-12-01,70663,97200.0
2011-12-01,78728,169600.0
2011-12-01,75287,226300.0
2011-12-01,58078,169200.0
2011-12-01,76108,101200.0
2012-01-01,99301,160300.0
2012-01-01,76051,219600.0
2012-01-01,78210,67600.0
2012-01-01,76039,142300.0
2012-01-01,75028,226500.0
2012-01-01,15217,209400.0
2012-01-01,75035,238000.0
2012-01-01,2453,370200.0
2012-01-01,78602,126400.0
2012-01-01,76116,107800.0
2012-01-01,76021,164600.0
2012-01-01,75019,264900.0
2012-01-01,76040,141600.0
2012-01-01,43221,216400.0
2012-01-01,77840,143700.0
2012-01-01,78748,180900.0
2012-01-01,78626,148600.0
2012-01-01,37129,138700.0
2012-01-01,43214,192100.0
2012-01-01,80910,117800.0
2012-01-01,70663,97900.0
2012-01-01,78728,169400.0
2012-01-01,75287,227800.0
2012-01-01,58078,168700.0
2012-01-01,76108,100500.0
2012-02-01,99301,161200.0
2012-02-01,76051,220200.0
2012-02-01,78210,66700.0
2012-02-01,76039,142100.0
2012-02-01,75028,227600.0
2012-02-01,15217,210600.0
2012-02-01,75035,238500.0
2012-02-01,2453,369900.0
2012-02-01,78602,126400.0
2012-02-01,76116,107200.0
2012-02-01,76021,164600.0
2012-02-01,75019,265900.0
2012-02-01,76040,141800.0
2012-02-01,43221,217300.0
2012-02-01,77840,143400.0
2012-02-01,78748,181500.0
2012-02-01,78626,148200.0
2012-02-01,37129,138800.0
2012-02-01,43214,192700.0
2012-02-01,80910,117700.0
2012-02-01,70663,98200.0
2012-02-01,78728,169600.0
2012-02-01,75287,229500.0
2012-02-01,58078,168200.0
2012-02-01,76108,100100.0
2012-03-01,99301,161400.0
2012-03-01,76051,220400.0
2012-03-01,78210,66400.0
2012-03-01,76039,142200.0
2012-03-01,75028,228800.0
2012-03-01,15217,210900.0
2012-03-01,75035,239100.0
2012-03-01,2453,370200.0
2012-03-01,78602,126700.0
2012-03-01,76116,107600.0
2012-03-01,76021,165100.0
2012-03-01,75019,266300.0
2012-03-01,76040,142300.0
2012-03-01,43221,218000.0
2012-03-01,77840,143100.0
2012-03-01,78748,181700.0
2012-03-01,78626,147700.0
2012-03-01,37129,139200.0
2012-03-01,43214,193500.0
2012-03-01,80910,118000.0
2012-03-01,70663,99500.0
2012-03-01,78728,169200.0
2012-03-01,75287,230800.0
2012-03-01,58078,167900.0
2012-03-01,76108,100200.0
2012-04-01,99301,161200.0
2012-04-01,76051,221400.0
2012-04-01,78210,66600.0
2012-04-01,76039,143100.0
2012-04-01,75028,229700.0
2012-04-01,15217,211000.0
2012-04-01,75035,239800.0
2012-04-01,2453,372100.0
2012-04-01,78602,126600.0
2012-04-01,76116,108800.0
2012-04-01,76021,166600.0
2012-04-01,75019,267000.0
2012-04-01,76040,143100.0
2012-04-01,43221,218200.0
2012-04-01,77840,142600.0
2012-04-01,78748,181600.0
2012-04-01,78626,148300.0
2012-04-01,37129,140000.0
2012-04-01,43214,193900.0
2012-04-01,80910,118600.0
2012-04-01,70663,100800.0
2012-04-01,78728,168700.0
2012-04-01,75287,232000.0
2012-04-01,58078,168300.0
2012-04-01,76108,100000.0
2012-05-01,99301,161200.0
2012-05-01,76051,222800.0
2012-05-01,78210,66700.0
2012-05-01,76039,144400.0
2012-05-01,75028,230600.0
2012-05-01,15217,211600.0
2012-05-01,75035,240300.0
2012-05-01,2453,375500.0
2012-05-01,78602,126600.0
2012-05-01,76116,110300.0
2012-05-01,76021,168400.0
2012-05-01,75019,268800.0
2012-05-01,76040,143500.0
2012-05-01,43221,218000.0
2012-05-01,77840,141600.0
2012-05-01,78748,181300.0
2012-05-01,78626,150000.0
2012-05-01,37129,141100.0
2012-05-01,43214,193700.0
2012-05-01,80910,119200.0
2012-05-01,70663,100600.0
2012-05-01,78728,168800.0
2012-05-01,75287,231700.0
2012-05-01,58078,168500.0
2012-05-01,76108,99600.0
2012-06-01,99301,161400.0
2012-06-01,76051,223900.0
2012-06-01,78210,66700.0
2012-06-01,76039,144700.0
2012-06-01,75028,231800.0
2012-06-01,15217,212700.0
2012-06-01,75035,240400.0
2012-06-01,2453,379100.0
2012-06-01,78602,126300.0
2012-06-01,76116,111900.0
2012-06-01,76021,169400.0
2012-06-01,75019,270800.0
2012-06-01,76040,143100.0
2012-06-01,43221,217600.0
2012-06-01,77840,141000.0
2012-06-01,78748,180900.0
2012-06-01,78626,151500.0
2012-06-01,37129,142200.0
2012-06-01,43214,193700.0
2012-06-01,80910,120300.0
2012-06-01,70663,100800.0
2012-06-01,78728,169300.0
2012-06-01,75287,231100.0
2012-06-01,58078,168200.0
2012-06-01,76108,98900.0
2012-07-01,99301,161300.0
2012-07-01,76051,223900.0
2012-07-01,78210,66800.0
2012-07-01,76039,144400.0
2012-07-01,75028,232400.0
2012-07-01,15217,214200.0
2012-07-01,75035,240600.0
2012-07-01,2453,383600.0
2012-07-01,78602,126000.0
2012-07-01,76116,113100.0
2012-07-01,76021,169300.0
2012-07-01,75019,272300.0
2012-07-01,76040,142000.0
2012-07-01,43221,216800.0
2012-07-01,77840,141100.0
2012-07-01,78748,181200.0
2012-07-01,78626,152000.0
2012-07-01,37129,142900.0
2012-07-01,43214,193600.0
2012-07-01,80910,121400.0
2012-07-01,70663,101300.0
2012-07-01,78728,169900.0
2012-07-01,75287,232000.0
2012-07-01,58078,167800.0
2012-07-01,76108,98100.0
2012-08-01,99301,161100.0
2012-08-01,76051,223500.0
2012-08-01,78210,67000.0
2012-08-01,76039,144900.0
2012-08-01,75028,232800.0
2012-08-01,15217,216200.0
2012-08-01,75035,241000.0
2012-08-01,2453,386200.0
2012-08-01,78602,125900.0
2012-08-01,76116,113900.0
2012-08-01,76021,168900.0
2012-08-01,75019,272900.0
2012-08-01,76040,141000.0
2012-08-01,43221,215700.0
2012-08-01,77840,142000.0
2012-08-01,78748,182000.0
2012-08-01,78626,151400.0
2012-08-01,37129,143400.0
2012-08-01,43214,193500.0
2012-08-01,80910,121600.0
2012-08-01,70663,102200.0
2012-08-01,78728,170900.0
2012-08-01,75287,233800.0
2012-08-01,58078,166800.0
2012-08-01,76108,97600.0
2012-09-01,99301,160700.0
2012-09-01,76051,223900.0
2012-09-01,78210,67400.0
2012-09-01,76039,145800.0
2012-09-01,75028,233800.0
2012-09-01,15217,217600.0
2012-09-01,75035,241300.0
2012-09-01,2453,387400.0
2012-09-01,78602,126100.0
2012-09-01,76116,114200.0
2012-09-01,76021,168600.0
2012-09-01,75019,272900.0
2012-09-01,76040,140600.0
2012-09-01,43221,214700.0
2012-09-01,77840,142900.0
2012-09-01,78748,182600.0
2012-09-01,78626,150400.0
2012-09-01,37129,144100.0
2012-09-01,43214,193500.0
2012-09-01,80910,121200.0
2012-09-01,70663,103600.0
2012-09-01,78728,172100.0
2012-09-01,75287,234900.0
2012-09-01,58078,166100.0
2012-09-01,76108,97400.0
2012-10-01,99301,160800.0
2012-10-01,76051,225300.0
2012-10-01,78210,67600.0
2012-10-01,76039,146400.0
2012-10-01,75028,234600.0
2012-10-01,15217,218300.0
2012-10-01,75035,241900.0
2012-10-01,2453,389700.0
2012-10-01,78602,126000.0
2012-10-01,76116,114600.0
2012-10-01,76021,168900.0
2012-10-01,75019,273500.0
2012-10-01,76040,140500.0
2012-10-01,43221,215000.0
2012-10-01,77840,143100.0
2012-10-01,78748,182900.0
2012-10-01,78626,150000.0
2012-10-01,37129,144600.0
2012-10-01,43214,194700.0
2012-10-01,80910,120700.0
2012-10-01,70663,104800.0
2012-10-01,78728,173000.0
2012-10-01,75287,235200.0
2012-10-01,58078,166900.0
2012-10-01,76108,97400.0
2012-11-01,99301,161100.0
2012-11-01,76051,226800.0
2012-11-01,78210,67900.0
2012-11-01,76039,146700.0
2012-11-01,75028,234500.0
2012-11-01,15217,219200.0
2012-11-01,75035,243400.0
2012-11-01,2453,393200.0
2012-11-01,78602,125800.0
2012-11-01,76116,115300.0
2012-11-01,76021,169800.0
2012-11-01,75019,275000.0
2012-11-01,76040,140800.0
2012-11-01,43221,216100.0
2012-11-01,77840,143000.0
2012-11-01,78748,183500.0
2012-11-01,78626,149900.0
2012-11-01,37129,145000.0
2012-11-01,43214,196100.0
2012-11-01,80910,120600.0
2012-11-01,70663,105200.0
2012-11-01,78728,174100.0
2012-11-01,75287,235300.0
2012-11-01,58078,168700.0
2012-11-01,76108,97700.0
2012-12-01,99301,160800.0
2012-12-01,76051,228100.0
2012-12-01,78210,68400.0
2012-12-01,76039,146600.0
2012-12-01,75028,234100.0
2012-12-01,15217,219500.0
2012-12-01,75035,245000.0
2012-12-01,2453,394700.0
2012-12-01,78602,125700.0
2012-12-01,76116,116200.0
2012-12-01,76021,170800.0
2012-12-01,75019,276000.0
2012-12-01,76040,141000.0
2012-12-01,43221,217200.0
2012-12-01,77840,143500.0
2012-12-01,78748,184400.0
2012-12-01,78626,149800.0
2012-12-01,37129,145100.0
2012-12-01,43214,196900.0
2012-12-01,80910,121400.0
2012-12-01,70663,105600.0
2012-12-01,78728,175400.0
2012-12-01,75287,234500.0
2012-12-01,58078,169900.0
2012-12-01,76108,98000.0
2013-01-01,99301,159900.0
2013-01-01,76051,228900.0
2013-01-01,78210,68800.0
2013-01-01,76039,146600.0
2013-01-01,75028,234000.0
2013-01-01,15217,218900.0
2013-01-01,75035,246200.0
2013-01-01,2453,395500.0
2013-01-01,78602,125900.0
2013-01-01,76116,117200.0
2013-01-01,76021,171700.0
2013-01-01,75019,276800.0
2013-01-01,76040,140900.0
2013-01-01,43221,218700.0
2013-01-01,77840,144700.0
2013-01-01,78748,185400.0
2013-01-01,78626,150000.0
2013-01-01,37129,145000.0
2013-01-01,43214,197800.0
2013-01-01,80910,122500.0
2013-01-01,70663,105600.0
2013-01-01,78728,176700.0
2013-01-01,75287,233800.0
2013-01-01,58078,170000.0
2013-01-01,76108,98000.0
2013-02-01,99301,159900.0
2013-02-01,76051,230100.0
2013-02-01,78210,69300.0
2013-02-01,76039,147200.0
2013-02-01,75028,234200.0
2013-02-01,15217,218400.0
2013-02-01,75035,247000.0
2013-02-01,2453,396900.0
2013-02-01,78602,126100.0
2013-02-01,76116,118300.0
2013-02-01,76021,172600.0
2013-02-01,75019,278200.0
2013-02-01,76040,141100.0
2013-02-01,43221,221500.0
2013-02-01,77840,146000.0
2013-02-01,78748,186200.0
2013-02-01,78626,150400.0
2013-02-01,37129,144700.0
2013-02-01,43214,199400.0
2013-02-01,80910,123200.0
2013-02-01,70663,105800.0
2013-02-01,78728,177700.0
2013-02-01,75287,233500.0
2013-02-01,58078,169700.0
2013-02-01,76108,97800.0
2013-03-01,99301,160500.0
2013-03-01,76051,231600.0
2013-03-01,78210,69600.0
2013-03-01,76039,148100.0
2013-03-01,75028,234500.0
2013-03-01,15217,218800.0
2013-03-01,75035,248200.0
2013-03-01,2453,398900.0
2013-03-01,78602,126000.0
2013-03-01,76116,119000.0
2013-03-01,76021,173400.0
2013-03-01,75019,280900.0
2013-03-01,76040,141600.0
2013-03-01,43221,224600.0
2013-03-01,77840,146600.0
2013-03-01,78748,186700.0
2013-03-01,78626,150600.0
2013-03-01,37129,145000.0
2013-03-01,43214,201100.0
2013-03-01,80910,123600.0
2013-03-01,70663,106300.0
2013-03-01,78728,178300.0
2013-03-01,75287,232700.0
2013-03-01,58078,170100.0
2013-03-01,76108,97900.0
2013-04-01,99301,160700.0
2013-04-01,76051,233400.0
2013-04-01,78210,69200.0
2013-04-01,76039,149200.0
2013-04-01,75028,235000.0
2013-04-01,15217,219300.0
2013-04-01,75035,249700.0
2013-04-01,2453,401600.0
2013-04-01,78602,126100.0
2013-04-01,76116,119100.0
2013-04-01,76021,174000.0
2013-04-01,75019,283300.0
2013-04-01,76040,142200.0
2013-04-01,43221,226800.0
2013-04-01,77840,146700.0
2013-04-01,78748,187600.0
2013-04-01,78626,150600.0
2013-04-01,37129,145600.0
2013-04-01,43214,201800.0
2013-04-01,80910,124300.0
2013-04-01,70663,107600.0
2013-04-01,78728,178700.0
2013-04-01,75287,231800.0
2013-04-01,58078,170500.0
2013-04-01,76108,98400.0
2013-05-01,99301,160600.0
2013-05-01,76051,235100.0
2013-05-01,78210,68700.0
2013-05-01,76039,150300.0
2013-05-01,75028,236300.0
2013-05-01,15217,219700.0
2013-05-01,75035,251500.0
2013-05-01,2453,404500.0
2013-05-01,78602,126400.0
2013-05-01,76116,119000.0
2013-05-01,76021,174500.0
2013-05-01,75019,284900.0
2013-05-01,76040,142900.0
2013-05-01,43221,228500.0
2013-05-01,77840,146100.0
2013-05-01,78748,189300.0
2013-05-01,78626,150000.0
2013-05-01,37129,146300.0
2013-05-01,43214,202300.0
2013-05-01,80910,125400.0
2013-05-01,70663,109700.0
2013-05-01,78728,179100.0
2013-05-01,75287,232900.0
2013-05-01,58078,171500.0
2013-05-01,76108,98900.0
2013-06-01,99301,161200.0
2013-06-01,76051,236700.0
2013-06-01,78210,68800.0
2013-06-01,76039,151600.0
2013-06-01,75028,238100.0
2013-06-01,15217,220100.0
2013-06-01,75035,253100.0
2013-06-01,2453,407600.0
2013-06-01,78602,126800.0
2013-06-01,76116,119000.0
2013-06-01,76021,174800.0
2013-06-01,75019,286600.0
2013-06-01,76040,144000.0
2013-06-01,43221,230500.0
2013-06-01,77840,144900.0
2013-06-01,78748,191600.0
2013-06-01,78626,149600.0
2013-06-01,37129,147300.0
2013-06-01,43214,203300.0
2013-06-01,80910,126300.0
2013-06-01,70663,110900.0
2013-06-01,78728,179800.0
2013-06-01,75287,234800.0
2013-06-01,58078,173200.0
2013-06-01,76108,99200.0
2013-07-01,99301,161300.0
2013-07-01,76051,238200.0
2013-07-01,78210,69200.0
2013-07-01,76039,152700.0
2013-07-01,75028,239700.0
2013-07-01,15217,221100.0
2013-07-01,75035,254500.0
2013-07-01,2453,411600.0
2013-07-01,78602,127300.0
2013-07-01,76116,119300.0
2013-07-01,76021,175600.0
2013-07-01,75019,289200.0
2013-07-01,76040,144700.0
2013-07-01,43221,232900.0
2013-07-01,77840,143900.0
2013-07-01,78748,193900.0
2013-07-01,78626,150300.0
2013-07-01,37129,148200.0
2013-07-01,43214,204600.0
2013-07-01,80910,127100.0
2013-07-01,70663,110400.0
2013-07-01,78728,180600.0
2013-07-01,75287,236000.0
2013-07-01,58078,174600.0
2013-07-01,76108,99800.0
2013-08-01,99301,161500.0
2013-08-01,76051,239700.0
2013-08-01,78210,69400.0
2013-08-01,76039,153400.0
2013-08-01,75028,241700.0
2013-08-01,15217,221300.0
2013-08-01,75035,256100.0
2013-08-01,2453,416100.0
2013-08-01,78602,127900.0
2013-08-01,76116,119900.0
2013-08-01,76021,176400.0
2013-08-01,75019,292000.0
2013-08-01,76040,144400.0
2013-08-01,43221,235000.0
2013-08-01,77840,144000.0
2013-08-01,78748,196200.0
2013-08-01,78626,152200.0
2013-08-01,37129,148600.0
2013-08-01,43214,205500.0
2013-08-01,80910,127900.0
2013-08-01,70663,110300.0
2013-08-01,78728,181700.0
2013-08-01,75287,237000.0
2013-08-01,58078,175700.0
2013-08-01,76108,100800.0
2013-09-01,99301,161600.0
2013-09-01,76051,240500.0
2013-09-01,78210,69600.0
2013-09-01,76039,153900.0
2013-09-01,75028,243900.0
2013-09-01,15217,220600.0
2013-09-01,75035,258600.0
2013-09-01,2453,420200.0
2013-09-01,78602,128500.0
2013-09-01,76116,120600.0
2013-09-01,76021,177100.0
2013-09-01,75019,293700.0
2013-09-01,76040,143900.0
2013-09-01,43221,236900.0
2013-09-01,77840,144000.0
2013-09-01,78748,198500.0
2013-09-01,78626,154400.0
2013-09-01,37129,148900.0
2013-09-01,43214,206700.0
2013-09-01,80910,128400.0
2013-09-01,70663,111300.0
2013-09-01,78728,182600.0
2013-09-01,75287,238000.0
2013-09-01,58078,177300.0
2013-09-01,76108,101800.0
2013-10-01,99301,161900.0
2013-10-01,76051,240800.0
2013-10-01,78210,70100.0
2013-10-01,76039,154400.0
2013-10-01,75028,245400.0
2013-10-01,15217,220100.0
2013-10-01,75035,261200.0
2013-10-01,2453,423600.0
2013-10-01,78602,129500.0
2013-10-01,76116,121200.0
2013-10-01,76021,177300.0
2013-10-01,75019,294600.0
2013-10-01,76040,144000.0
2013-10-01,43221,238300.0
2013-10-01,77840,144000.0
2013-10-01,78748,200400.0
2013-10-01,78626,156600.0
2013-10-01,37129,149700.0
2013-10-01,43214,208300.0
2013-10-01,80910,128800.0
2013-10-01,70663,113000.0
2013-10-01,78728,183500.0
2013-10-01,75287,238800.0
2013-10-01,58078,178800.0
2013-10-01,76108,102200.0
2013-11-01,99301,162600.0
2013-11-01,76051,242100.0
2013-11-01,78210,70400.0
2013-11-01,76039,155000.0
2013-11-01,75028,246900.0
2013-11-01,15217,220400.0
2013-11-01,75035,262700.0
2013-11-01,2453,424400.0
2013-11-01,78602,130900.0
2013-11-01,76116,121800.0
2013-11-01,76021,177700.0
2013-11-01,75019,295600.0
2013-11-01,76040,144200.0
2013-11-01,43221,239200.0
2013-11-01,77840,144500.0
2013-11-01,78748,201400.0
2013-11-01,78626,159000.0
2013-11-01,37129,150700.0
2013-11-01,43214,209500.0
2013-11-01,80910,129100.0
2013-11-01,70663,114300.0
2013-11-01,78728,184600.0
2013-11-01,75287,239700.0
2013-11-01,58078,179700.0
2013-11-01,76108,102700.0
2013-12-01,99301,163500.0
2013-12-01,76051,243700.0
2013-12-01,78210,70500.0
2013-12-01,76039,155500.0
2013-12-01,75028,248500.0
2013-12-01,15217,220800.0
2013-12-01,75035,263400.0
2013-12-01,2453,422400.0
2013-12-01,78602,132200.0
2013-12-01,76116,122200.0
2013-12-01,76021,178300.0
2013-12-01,75019,296400.0
2013-12-01,76040,144400.0
2013-12-01,43221,239600.0
2013-12-01,77840,144900.0
2013-12-01,78748,202200.0
2013-12-01,78626,161100.0
2013-12-01,37129,151700.0
2013-12-01,43214,210300.0
2013-12-01,80910,128800.0
2013-12-01,70663,114100.0
2013-12-01,78728,185400.0
2013-12-01,75287,241500.0
2013-12-01,58078,180300.0
2013-12-01,76108,103800.0
2014-01-01,99301,163700.0
2014-01-01,76051,244700.0
2014-01-01,78210,70400.0
2014-01-01,76039,155700.0
2014-01-01,75028,249800.0
2014-01-01,15217,221300.0
2014-01-01,75035,264100.0
2014-01-01,2453,421500.0
2014-01-01,78602,133300.0
2014-01-01,76116,122500.0
2014-01-01,76021,178400.0
2014-01-01,75019,296400.0
2014-01-01,76040,144500.0
2014-01-01,43221,240000.0
2014-01-01,77840,145100.0
2014-01-01,78748,203300.0
2014-01-01,78626,162400.0
2014-01-01,37129,153000.0
2014-01-01,43214,211300.0
2014-01-01,80910,128700.0
2014-01-01,70663,113900.0
2014-01-01,78728,185300.0
2014-01-01,75287,242900.0
2014-01-01,58078,181300.0
2014-01-01,76108,105100.0
2014-02-01,99301,163600.0
2014-02-01,76051,245300.0
2014-02-01,78210,70700.0
2014-02-01,76039,155600.0
2014-02-01,75028,251100.0
2014-02-01,15217,221300.0
2014-02-01,75035,265300.0
2014-02-01,2453,423300.0
2014-02-01,78602,134300.0
2014-02-01,76116,122500.0
2014-02-01,76021,178200.0
2014-02-01,75019,296500.0
2014-02-01,76040,144700.0
2014-02-01,43221,240100.0
2014-02-01,77840,145600.0
2014-02-01,78748,204500.0
2014-02-01,78626,163200.0
2014-02-01,37129,154500.0
2014-02-01,43214,212400.0
2014-02-01,80910,129300.0
2014-02-01,70663,113900.0
2014-02-01,78728,184900.0
2014-02-01,75287,242800.0
2014-02-01,58078,182500.0
2014-02-01,76108,105900.0
2014-03-01,99301,163600.0
2014-03-01,76051,246400.0
2014-03-01,78210,70300.0
2014-03-01,76039,155500.0
2014-03-01,75028,252700.0
2014-03-01,15217,220900.0
2014-03-01,75035,266600.0
2014-03-01,2453,426500.0
2014-03-01,78602,135100.0
2014-03-01,76116,123100.0
2014-03-01,76021,178600.0
2014-03-01,75019,296900.0
2014-03-01,76040,145400.0
2014-03-01,43221,240400.0
2014-03-01,77840,146700.0
2014-03-01,78748,205700.0
2014-03-01,78626,164000.0
2014-03-01,37129,155700.0
2014-03-01,43214,213000.0
2014-03-01,80910,129700.0
2014-03-01,70663,113600.0
2014-03-01,78728,185600.0
2014-03-01,75287,242500.0
2014-03-01,58078,183800.0
2014-03-01,76108,106700.0
2014-04-01,99301,163400.0
2014-04-01,76051,247800.0
2014-04-01,78210,69400.0
2014-04-01,76039,155200.0
2014-04-01,75028,254500.0
2014-04-01,15217,220800.0
2014-04-01,75035,267400.0
2014-04-01,2453,430800.0
2014-04-01,78602,135600.0
2014-04-01,76116,124700.0
2014-04-01,76021,179000.0
2014-04-01,75019,297700.0
2014-04-01,76040,146100.0
2014-04-01,43221,241200.0
2014-04-01,77840,147600.0
2014-04-01,78748,206800.0
2014-04-01,78626,165300.0
2014-04-01,37129,156400.0
2014-04-01,43214,214300.0
2014-04-01,80910,129600.0
2014-04-01,70663,113100.0
2014-04-01,78728,187400.0
2014-04-01,75287,243300.0
2014-04-01,58078,184900.0
2014-04-01,76108,108100.0
2014-05-01,99301,163100.0
2014-05-01,76051,249300.0
2014-05-01,78210,68900.0
2014-05-01,76039,154600.0
2014-05-01,75028,255800.0
2014-05-01,15217,221300.0
2014-05-01,75035,268100.0
2014-05-01,2453,434800.0
2014-05-01,78602,136600.0
2014-05-01,76116,126400.0
2014-05-01,76021,179300.0
2014-05-01,75019,299500.0
2014-05-01,76040,146900.0
2014-05-01,43221,242500.0
2014-05-01,77840,149200.0
2014-05-01,78748,207900.0
2014-05-01,78626,166800.0
2014-05-01,37129,157200.0
2014-05-01,43214,216600.0
2014-05-01,80910,129900.0
2014-05-01,70663,112500.0
2014-05-01,78728,189600.0
2014-05-01,75287,245100.0
2014-05-01,58078,185400.0
2014-05-01,76108,110200.0
2014-06-01,99301,163200.0
2014-06-01,76051,251000.0
2014-06-01,78210,69300.0
2014-06-01,76039,154800.0
2014-06-01,75028,256000.0
2014-06-01,15217,222000.0
2014-06-01,75035,269100.0
2014-06-01,2453,436700.0
2014-06-01,78602,137800.0
2014-06-01,76116,127800.0
2014-06-01,76021,180000.0
2014-06-01,75019,302000.0
2014-06-01,76040,148000.0
2014-06-01,43221,244100.0
2014-06-01,77840,152500.0
2014-06-01,78748,209200.0
2014-06-01,78626,168700.0
2014-06-01,37129,158100.0
2014-06-01,43214,218900.0
2014-06-01,80910,130300.0
2014-06-01,70663,113100.0
2014-06-01,78728,192100.0
2014-06-01,75287,247300.0
2014-06-01,58078,185200.0
2014-06-01,76108,112200.0
2014-07-01,99301,163900.0
2014-07-01,76051,253200.0
2014-07-01,78210,69600.0
2014-07-01,76039,156800.0
2014-07-01,75028,256300.0
2014-07-01,15217,221700.0
2014-07-01,75035,269900.0
2014-07-01,2453,436000.0
2014-07-01,78602,138600.0
2014-07-01,76116,129200.0
2014-07-01,76021,180700.0
2014-07-01,75019,304800.0
2014-07-01,76040,149500.0
2014-07-01,43221,245800.0
2014-07-01,77840,156300.0
2014-07-01,78748,210600.0
2014-07-01,78626,170400.0
2014-07-01,37129,159200.0
2014-07-01,43214,220800.0
2014-07-01,80910,131200.0
2014-07-01,70663,114300.0
2014-07-01,78728,194800.0
2014-07-01,75287,249500.0
2014-07-01,58078,185900.0
2014-07-01,76108,113600.0
2014-08-01,99301,164800.0
2014-08-01,76051,255400.0
2014-08-01,78210,69200.0
2014-08-01,76039,159700.0
2014-08-01,75028,257400.0
2014-08-01,15217,221900.0
2014-08-01,75035,270500.0
2014-08-01,2453,434800.0
2014-08-01,78602,138900.0
2014-08-01,76116,130100.0
2014-08-01,76021,181200.0
2014-08-01,75019,307400.0
2014-08-01,76040,150900.0
2014-08-01,43221,248400.0
2014-08-01,77840,159200.0
2014-08-01,78748,212100.0
2014-08-01,78626,172000.0
2014-08-01,37129,160200.0
2014-08-01,43214,222900.0
2014-08-01,80910,132500.0
2014-08-01,70663,114200.0
2014-08-01,78728,197700.0
2014-08-01,75287,250700.0
2014-08-01,58078,188200.0
2014-08-01,76108,114900.0
2014-09-01,99301,165500.0
2014-09-01,76051,257400.0
2014-09-01,78210,68600.0
2014-09-01,76039,162500.0
2014-09-01,75028,258800.0
2014-09-01,15217,222800.0
2014-09-01,75035,271400.0
2014-09-01,2453,434600.0
2014-09-01,78602,138900.0
2014-09-01,76116,130800.0
2014-09-01,76021,181600.0
2014-09-01,75019,309900.0
2014-09-01,76040,152100.0
2014-09-01,43221,250800.0
2014-09-01,77840,161700.0
2014-09-01,78748,213400.0
2014-09-01,78626,173400.0
2014-09-01,37129,160900.0
2014-09-01,43214,225200.0
2014-09-01,80910,133900.0
2014-09-01,70663,113400.0
2014-09-01,78728,200500.0
2014-09-01,75287,251200.0
2014-09-01,58078,190700.0
2014-09-01,76108,116100.0
2014-10-01,99301,165900.0
2014-10-01,76051,259100.0
2014-10-01,78210,68600.0
2014-10-01,76039,164200.0
2014-10-01,75028,259800.0
2014-10-01,15217,223700.0
2014-10-01,75035,272300.0
2014-10-01,2453,435700.0
2014-10-01,78602,139600.0
2014-10-01,76116,132000.0
2014-10-01,76021,181900.0
2014-10-01,75019,312500.0
2014-10-01,76040,152600.0
2014-10-01,43221,252400.0
2014-10-01,77840,163700.0
2014-10-01,78748,213800.0
2014-10-01,78626,174300.0
2014-10-01,37129,161300.0
2014-10-01,43214,226700.0
2014-10-01,80910,135100.0
2014-10-01,70663,113500.0
2014-10-01,78728,202900.0
2014-10-01,75287,251800.0
2014-10-01,58078,192600.0
2014-10-01,76108,117100.0
2014-11-01,99301,166100.0
2014-11-01,76051,261300.0
2014-11-01,78210,69200.0
2014-11-01,76039,165900.0
2014-11-01,75028,260600.0
2014-11-01,15217,224200.0
2014-11-01,75035,273900.0
2014-11-01,2453,438100.0
2014-11-01,78602,140900.0
2014-11-01,76116,133100.0
2014-11-01,76021,182200.0
2014-11-01,75019,315500.0
2014-11-01,76040,152700.0
2014-11-01,43221,253800.0
2014-11-01,77840,165000.0
2014-11-01,78748,214400.0
2014-11-01,78626,174800.0
2014-11-01,37129,161800.0
2014-11-01,43214,227400.0
2014-11-01,80910,136300.0
2014-11-01,70663,114000.0
2014-11-01,78728,205200.0
2014-11-01,75287,252600.0
2014-11-01,58078,194600.0
2014-11-01,76108,117700.0
2014-12-01,99301,166200.0
2014-12-01,76051,263200.0
2014-12-01,78210,69500.0
2014-12-01,76039,167800.0
2014-12-01,75028,261800.0
2014-12-01,15217,224700.0
2014-12-01,75035,276400.0
2014-12-01,2453,442200.0
2014-12-01,78602,141700.0
2014-12-01,76116,133600.0
2014-12-01,76021,182800.0
2014-12-01,75019,318400.0
2014-12-01,76040,152800.0
2014-12-01,43221,255200.0
2014-12-01,77840,165900.0
2014-12-01,78748,215700.0
2014-12-01,78626,175200.0
2014-12-01,37129,162600.0
2014-12-01,43214,227800.0
2014-12-01,80910,137200.0
2014-12-01,70663,114700.0
2014-12-01,78728,207700.0
2014-12-01,75287,252700.0
2014-12-01,58078,196900.0
2014-12-01,76108,118100.0
2015-01-01,99301,166800.0
2015-01-01,76051,264200.0
2015-01-01,78210,69400.0
2015-01-01,76039,169200.0
2015-01-01,75028,264100.0
2015-01-01,15217,225200.0
2015-01-01,75035,278900.0
2015-01-01,2453,446400.0
2015-01-01,78602,142100.0
2015-01-01,76116,134400.0
2015-01-01,76021,183800.0
2015-01-01,75019,320600.0
2015-01-01,76040,153400.0
2015-01-01,43221,256400.0
2015-01-01,77840,166800.0
2015-01-01,78748,217300.0
2015-01-01,78626,175900.0
2015-01-01,37129,163400.0
2015-01-01,43214,228200.0
2015-01-01,80910,137800.0
2015-01-01,70663,115200.0
2015-01-01,78728,210400.0
2015-01-01,75287,253000.0
2015-01-01,58078,199000.0
2015-01-01,76108,118700.0
2015-02-01,99301,167700.0
2015-02-01,76051,264900.0
2015-02-01,78210,69900.0
2015-02-01,76039,170100.0
2015-02-01,75028,266200.0
2015-02-01,15217,226900.0
2015-02-01,75035,280900.0
2015-02-01,2453,450600.0
2015-02-01,78602,142600.0
2015-02-01,76116,135500.0
2015-02-01,76021,184600.0
2015-02-01,75019,322200.0
2015-02-01,76040,154400.0
2015-02-01,43221,257700.0
2015-02-01,77840,167500.0
2015-02-01,78748,218700.0
2015-02-01,78626,177000.0
2015-02-01,37129,164100.0
2015-02-01,43214,229200.0
2015-02-01,80910,138300.0
2015-02-01,70663,116600.0
2015-02-01,78728,212400.0
2015-02-01,75287,254400.0
2015-02-01,58078,200500.0
2015-02-01,76108,119400.0
2015-03-01,99301,168300.0
2015-03-01,76051,265600.0
2015-03-01,78210,71000.0
2015-03-01,76039,171000.0
2015-03-01,75028,267600.0
2015-03-01,15217,229600.0
2015-03-01,75035,282800.0
2015-03-01,2453,453500.0
2015-03-01,78602,142700.0
2015-03-01,76116,136200.0
2015-03-01,76021,185000.0
2015-03-01,75019,324500.0
2015-03-01,76040,155900.0
2015-03-01,43221,259700.0
2015-03-01,77840,168300.0
2015-03-01,78748,220700.0
2015-03-01,78626,178700.0
2015-03-01,37129,164800.0
2015-03-01,43214,230200.0
2015-03-01,80910,138800.0
2015-03-01,70663,118800.0
2015-03-01,78728,213600.0
2015-03-01,75287,256400.0
2015-03-01,58078,202100.0
2015-03-01,76108,119900.0
2015-04-01,99301,168700.0
2015-04-01,76051,266500.0
2015-04-01,78210,71700.0
2015-04-01,76039,171900.0
2015-04-01,75028,268700.0
2015-04-01,15217,233400.0
2015-04-01,75035,285800.0
2015-04-01,2453,454000.0
2015-04-01,78602,143000.0
2015-04-01,76116,135800.0
2015-04-01,76021,186000.0
2015-04-01,75019,326700.0
2015-04-01,76040,158100.0
2015-04-01,43221,262500.0
2015-04-01,77840,169000.0
2015-04-01,78748,223800.0
2015-04-01,78626,180700.0
2015-04-01,37129,165900.0
2015-04-01,43214,230800.0
2015-04-01,80910,139700.0
2015-04-01,70663,121200.0
2015-04-01,78728,214800.0
2015-04-01,75287,257800.0
2015-04-01,58078,203600.0
2015-04-01,76108,120300.0
2015-05-01,99301,169200.0
2015-05-01,76051,268200.0
2015-05-01,78210,72100.0
2015-05-01,76039,173100.0
2015-05-01,75028,271000.0
2015-05-01,15217,238800.0
2015-05-01,75035,289400.0
2015-05-01,2453,454700.0
2015-05-01,78602,143400.0
2015-05-01,76116,135700.0
2015-05-01,76021,188400.0
2015-05-01,75019,327600.0
2015-05-01,76040,160900.0
2015-05-01,43221,266100.0
2015-05-01,77840,169500.0
2015-05-01,78748,227600.0
2015-05-01,78626,182400.0
2015-05-01,37129,167600.0
2015-05-01,43214,231500.0
2015-05-01,80910,140800.0
2015-05-01,70663,123300.0
2015-05-01,78728,217000.0
2015-05-01,75287,258900.0
2015-05-01,58078,204800.0
2015-05-01,76108,120900.0
2015-06-01,99301,169800.0
2015-06-01,76051,270900.0
2015-06-01,78210,72700.0
2015-06-01,76039,174100.0
2015-06-01,75028,274900.0
2015-06-01,15217,243800.0
2015-06-01,75035,293200.0
2015-06-01,2453,457200.0
2015-06-01,78602,144600.0
2015-06-01,76116,136400.0
2015-06-01,76021,190700.0
2015-06-01,75019,327300.0
2015-06-01,76040,163100.0
2015-06-01,43221,270100.0
2015-06-01,77840,169700.0
2015-06-01,78748,230800.0
2015-06-01,78626,183400.0
2015-06-01,37129,169100.0
2015-06-01,43214,233000.0
2015-06-01,80910,142100.0
2015-06-01,70663,125700.0
2015-06-01,78728,218800.0
2015-06-01,75287,259900.0
2015-06-01,58078,206700.0
2015-06-01,76108,121600.0
2015-07-01,99301,170400.0
2015-07-01,76051,273600.0
2015-07-01,78210,73300.0
2015-07-01,76039,174600.0
2015-07-01,75028,279200.0
2015-07-01,15217,248300.0
2015-07-01,75035,297800.0
2015-07-01,2453,460700.0
2015-07-01,78602,146300.0
2015-07-01,76116,137300.0
2015-07-01,76021,192300.0
2015-07-01,75019,327200.0
2015-07-01,76040,164600.0
2015-07-01,43221,273700.0
2015-07-01,77840,170500.0
2015-07-01,78748,233100.0
2015-07-01,78626,184300.0
2015-07-01,37129,170500.0
2015-07-01,43214,234800.0
2015-07-01,80910,143300.0
2015-07-01,70663,128000.0
2015-07-01,78728,219300.0
2015-07-01,75287,260900.0
2015-07-01,58078,208700.0
2015-07-01,76108,122100.0
2015-08-01,99301,171000.0
2015-08-01,76051,276500.0
2015-08-01,78210,73800.0
2015-08-01,76039,175500.0
2015-08-01,75028,282200.0
2015-08-01,15217,253400.0
2015-08-01,75035,301900.0
2015-08-01,2453,464100.0
2015-08-01,78602,148000.0
2015-08-01,76116,138200.0
2015-08-01,76021,193800.0
2015-08-01,75019,327500.0
2015-08-01,76040,166100.0
2015-08-01,43221,276700.0
2015-08-01,77840,171500.0
2015-08-01,78748,235300.0
2015-08-01,78626,185800.0
2015-08-01,37129,172000.0
2015-08-01,43214,236500.0
2015-08-01,80910,144700.0
2015-08-01,70663,130100.0
2015-08-01,78728,218800.0
2015-08-01,75287,262400.0
2015-08-01,58078,210200.0
2015-08-01,76108,122300.0
2015-09-01,99301,171800.0
2015-09-01,76051,279100.0
2015-09-01,78210,74100.0
2015-09-01,76039,177500.0
2015-09-01,75028,283900.0
2015-09-01,15217,258400.0
2015-09-01,75035,304300.0
2015-09-01,2453,466500.0
2015-09-01,78602,149700.0
2015-09-01,76116,139700.0
2015-09-01,76021,195900.0
2015-09-01,75019,328100.0
2015-09-01,76040,167200.0
2015-09-01,43221,278400.0
2015-09-01,77840,172400.0
2015-09-01,78748,237600.0
2015-09-01,78626,187400.0
2015-09-01,37129,173500.0
2015-09-01,43214,237600.0
2015-09-01,80910,145900.0
2015-09-01,70663,132600.0
2015-09-01,78728,219200.0
2015-09-01,75287,265200.0
2015-09-01,58078,212000.0
2015-09-01,76108,122800.0
2015-10-01,99301,173000.0
2015-10-01,76051,281600.0
2015-10-01,78210,74300.0
2015-10-01,76039,179200.0
2015-10-01,75028,286000.0
2015-10-01,15217,262700.0
2015-10-01,75035,306600.0
2015-10-01,2453,467800.0
2015-10-01,78602,151900.0
2015-10-01,76116,141500.0
2015-10-01,76021,198100.0
2015-10-01,75019,328800.0
2015-10-01,76040,168200.0
2015-10-01,43221,278700.0
2015-10-01,77840,173100.0
2015-10-01,78748,239500.0
2015-10-01,78626,188500.0
2015-10-01,37129,174700.0
2015-10-01,43214,237600.0
2015-10-01,80910,146900.0
2015-10-01,70663,135100.0
2015-10-01,78728,220000.0
2015-10-01,75287,268400.0
2015-10-01,58078,214400.0
2015-10-01,76108,123900.0
2015-11-01,99301,174100.0
2015-11-01,76051,284700.0
2015-11-01,78210,74900.0
2015-11-01,76039,179400.0
2015-11-01,75028,288600.0
2015-11-01,15217,266600.0
2015-11-01,75035,309200.0
2015-11-01,2453,469600.0
2015-11-01,78602,154100.0
2015-11-01,76116,143200.0
2015-11-01,76021,199900.0
2015-11-01,75019,329500.0
2015-11-01,76040,169000.0
2015-11-01,43221,279200.0
2015-11-01,77840,174100.0
2015-11-01,78748,241200.0
2015-11-01,78626,189600.0
2015-11-01,37129,175900.0
2015-11-01,43214,236900.0
2015-11-01,80910,147400.0
2015-11-01,70663,136500.0
2015-11-01,78728,220300.0
2015-11-01,75287,271500.0
2015-11-01,58078,216000.0
2015-11-01,76108,124600.0
2015-12-01,99301,174900.0
2015-12-01,76051,288600.0
2015-12-01,78210,75500.0
2015-12-01,76039,178800.0
2015-12-01,75028,291100.0
2015-12-01,15217,269600.0
2015-12-01,75035,311400.0
2015-12-01,2453,471400.0
2015-12-01,78602,156300.0
2015-12-01,76116,144700.0
2015-12-01,76021,201500.0
2015-12-01,75019,330400.0
2015-12-01,76040,169500.0
2015-12-01,43221,279800.0
2015-12-01,77840,174700.0
2015-12-01,78748,243600.0
2015-12-01,78626,191000.0
2015-12-01,37129,177100.0
2015-12-01,43214,236800.0
2015-12-01,80910,147800.0
2015-12-01,70663,137500.0
2015-12-01,78728,220300.0
2015-12-01,75287,274600.0
2015-12-01,58078,217000.0
2015-12-01,76108,124900.0
2016-01-01,99301,176000.0
2016-01-01,76051,292700.0
2016-01-01,78210,75800.0
2016-01-01,76039,179300.0
2016-01-01,75028,292800.0
2016-01-01,15217,272100.0
2016-01-01,75035,313700.0
2016-01-01,2453,474300.0
2016-01-01,78602,159000.0
2016-01-01,76116,146100.0
2016-01-01,76021,203200.0
2016-01-01,75019,332000.0
2016-01-01,76040,170700.0
2016-01-01,43221,279700.0
2016-01-01,77840,174900.0
2016-01-01,78748,246100.0
2016-01-01,78626,192600.0
2016-01-01,37129,178400.0
2016-01-01,43214,237000.0
2016-01-01,80910,148500.0
2016-01-01,70663,139100.0
2016-01-01,78728,221200.0
2016-01-01,75287,277700.0
2016-01-01,58078,217800.0
2016-01-01,76108,125700.0
2016-02-01,99301,178000.0
2016-02-01,76051,296700.0
2016-02-01,78210,75900.0
2016-02-01,76039,181400.0
2016-02-01,75028,294400.0
2016-02-01,15217,274300.0
2016-02-01,75035,316500.0
2016-02-01,2453,478700.0
2016-02-01,78602,162200.0
2016-02-01,76116,147400.0
2016-02-01,76021,205500.0
2016-02-01,75019,335700.0
2016-02-01,76040,172700.0
2016-02-01,43221,278900.0
2016-02-01,77840,174700.0
2016-02-01,78748,248100.0
2016-02-01,78626,194100.0
2016-02-01,37129,179800.0
2016-02-01,43214,236600.0
2016-02-01,80910,149900.0
2016-02-01,70663,139900.0
2016-02-01,78728,223400.0
2016-02-01,75287,281000.0
2016-02-01,58078,218900.0
2016-02-01,76108,126800.0
2016-03-01,99301,180200.0
2016-03-01,76051,300400.0
2016-03-01,78210,76300.0
2016-03-01,76039,184100.0
2016-03-01,75028,295500.0
2016-03-01,15217,275900.0
2016-03-01,75035,319400.0
2016-03-01,2453,483400.0
2016-03-01,78602,164600.0
2016-03-01,76116,148600.0
2016-03-01,76021,208400.0
2016-03-01,75019,341500.0
2016-03-01,76040,174300.0
2016-03-01,43221,278900.0
2016-03-01,77840,174700.0
2016-03-01,78748,250200.0
2016-03-01,78626,195900.0
2016-03-01,37129,181200.0
2016-03-01,43214,237100.0
2016-03-01,80910,151400.0
2016-03-01,70663,139300.0
2016-03-01,78728,226700.0
2016-03-01,75287,283800.0
2016-03-01,58078,220500.0
2016-03-01,76108,127500.0
2016-04-01,99301,182400.0
2016-04-01,76051,303800.0
2016-04-01,78210,77000.0
2016-04-01,76039,186600.0
2016-04-01,75028,296900.0
2016-04-01,15217,276700.0
2016-04-01,75035,322000.0
2016-04-01,2453,488300.0
2016-04-01,78602,166100.0
2016-04-01,76116,150200.0
2016-04-01,76021,210800.0
2016-04-01,75019,347400.0
2016-04-01,76040,175300.0
2016-04-01,43221,280000.0
2016-04-01,77840,175400.0
2016-04-01,78748,252200.0
2016-04-01,78626,197800.0
2016-04-01,37129,182700.0
2016-04-01,43214,239400.0
2016-04-01,80910,153100.0
2016-04-01,70663,138900.0
2016-04-01,78728,230000.0
2016-04-01,75287,286600.0
2016-04-01,58078,221700.0
2016-04-01,76108,128400.0
2016-05-01,99301,184700.0
2016-05-01,76051,306900.0
2016-05-01,78210,77800.0
2016-05-01,76039,189200.0
2016-05-01,75028,298800.0
2016-05-01,15217,277100.0
2016-05-01,75035,324200.0
2016-05-01,2453,494000.0
2016-05-01,78602,167400.0
2016-05-01,76116,152700.0
2016-05-01,76021,212400.0
2016-05-01,75019,352800.0
2016-05-01,76040,176300.0
2016-05-01,43221,282000.0
2016-05-01,77840,176800.0
2016-05-01,78748,254200.0
2016-05-01,78626,199700.0
2016-05-01,37129,184000.0
2016-05-01,43214,242600.0
2016-05-01,80910,154700.0
2016-05-01,70663,139100.0
2016-05-01,78728,233200.0
2016-05-01,75287,290600.0
2016-05-01,58078,223200.0
2016-05-01,76108,129800.0
2016-06-01,99301,187000.0
2016-06-01,76051,308900.0
2016-06-01,78210,78400.0
2016-06-01,76039,191700.0
2016-06-01,75028,301100.0
2016-06-01,15217,278200.0
2016-06-01,75035,327300.0
2016-06-01,2453,500700.0
2016-06-01,78602,169000.0
2016-06-01,76116,155400.0
2016-06-01,76021,214800.0
2016-06-01,75019,358500.0
2016-06-01,76040,177500.0
2016-06-01,43221,285200.0
2016-06-01,77840,177800.0
2016-06-01,78748,256300.0
2016-06-01,78626,201900.0
2016-06-01,37129,185500.0
2016-06-01,43214,246600.0
2016-06-01,80910,156300.0
2016-06-01,70663,138500.0
2016-06-01,78728,236600.0
2016-06-01,75287,295400.0
2016-06-01,58078,224900.0
2016-06-01,76108,131500.0
2016-07-01,99301,188700.0
2016-07-01,76051,309700.0
2016-07-01,78210,79100.0
2016-07-01,76039,194100.0
2016-07-01,75028,303600.0
2016-07-01,15217,280500.0
2016-07-01,75035,331100.0
2016-07-01,2453,507100.0
2016-07-01,78602,168800.0
2016-07-01,76116,156500.0
2016-07-01,76021,218000.0
2016-07-01,75019,363000.0
2016-07-01,76040,178900.0
2016-07-01,43221,288900.0
2016-07-01,77840,178400.0
2016-07-01,78748,258500.0
2016-07-01,78626,203800.0
2016-07-01,37129,187100.0
2016-07-01,43214,251500.0
2016-07-01,80910,158200.0
2016-07-01,70663,136100.0
2016-07-01,78728,239500.0
2016-07-01,75287,299200.0
2016-07-01,58078,226200.0
2016-07-01,76108,133100.0
2016-08-01,99301,189900.0
2016-08-01,76051,310600.0
2016-08-01,78210,80200.0
2016-08-01,76039,195600.0
2016-08-01,75028,306200.0
2016-08-01,15217,282100.0
2016-08-01,75035,334700.0
2016-08-01,2453,513100.0
2016-08-01,78602,167600.0
2016-08-01,76116,156900.0
2016-08-01,76021,220900.0
2016-08-01,75019,366300.0
2016-08-01,76040,180400.0
2016-08-01,43221,292100.0
2016-08-01,77840,179000.0
2016-08-01,78748,259700.0
2016-08-01,78626,205200.0
2016-08-01,37129,188400.0
2016-08-01,43214,255600.0
2016-08-01,80910,160200.0
2016-08-01,70663,132100.0
2016-08-01,78728,242100.0
2016-08-01,75287,301700.0
2016-08-01,58078,227800.0
2016-08-01,76108,134600.0
2016-09-01,99301,190600.0
2016-09-01,76051,312100.0
2016-09-01,78210,81500.0
2016-09-01,76039,196600.0
2016-09-01,75028,308200.0
2016-09-01,15217,282600.0
2016-09-01,75035,337500.0
2016-09-01,2453,518900.0
2016-09-01,78602,167800.0
2016-09-01,76116,157400.0
2016-09-01,76021,223800.0
2016-09-01,75019,370000.0
2016-09-01,76040,182000.0
2016-09-01,43221,295100.0
2016-09-01,77840,180200.0
2016-09-01,78748,260200.0
2016-09-01,78626,207300.0
2016-09-01,37129,190000.0
2016-09-01,43214,258000.0
2016-09-01,80910,161800.0
2016-09-01,70663,128600.0
2016-09-01,78728,243800.0
2016-09-01,75287,303700.0
2016-09-01,58078,231200.0
2016-09-01,76108,136200.0
2016-10-01,99301,191300.0
2016-10-01,76051,313800.0
2016-10-01,78210,82100.0
2016-10-01,76039,197900.0
2016-10-01,75028,309900.0
2016-10-01,15217,284400.0
2016-10-01,75035,339000.0
2016-10-01,2453,523700.0
2016-10-01,78602,169100.0
2016-10-01,76116,157700.0
2016-10-01,76021,227100.0
2016-10-01,75019,373900.0
2016-10-01,76040,182900.0
2016-10-01,43221,298000.0
2016-10-01,77840,182200.0
2016-10-01,78748,260800.0
2016-10-01,78626,209500.0
2016-10-01,37129,191700.0
2016-10-01,43214,259500.0
2016-10-01,80910,163500.0
2016-10-01,70663,126800.0
2016-10-01,78728,244700.0
2016-10-01,75287,306000.0
2016-10-01,58078,234500.0
2016-10-01,76108,137800.0
2016-11-01,99301,192200.0
2016-11-01,76051,315100.0
2016-11-01,78210,82500.0
2016-11-01,76039,199700.0
2016-11-01,75028,311100.0
2016-11-01,15217,287300.0
2016-11-01,75035,339600.0
2016-11-01,2453,527600.0
2016-11-01,78602,169400.0
2016-11-01,76116,157600.0
2016-11-01,76021,230500.0
2016-11-01,75019,376700.0
2016-11-01,76040,184100.0
2016-11-01,43221,300000.0
2016-11-01,77840,184500.0
2016-11-01,78748,261500.0
2016-11-01,78626,211100.0
2016-11-01,37129,192700.0
2016-11-01,43214,261200.0
2016-11-01,80910,165800.0
2016-11-01,70663,126200.0
2016-11-01,78728,246300.0
2016-11-01,75287,307800.0
2016-11-01,58078,236500.0
2016-11-01,76108,139600.0
2016-12-01,99301,192900.0
2016-12-01,76051,316100.0
2016-12-01,78210,83700.0
2016-12-01,76039,201600.0
2016-12-01,75028,311800.0
2016-12-01,15217,290000.0
2016-12-01,75035,340700.0
2016-12-01,2453,532200.0
2016-12-01,78602,169600.0
2016-12-01,76116,158400.0
2016-12-01,76021,233700.0
2016-12-01,75019,379300.0
2016-12-01,76040,186200.0
2016-12-01,43221,302300.0
2016-12-01,77840,187000.0
2016-12-01,78748,261700.0
2016-12-01,78626,211600.0
2016-12-01,37129,193600.0
2016-12-01,43214,263400.0
2016-12-01,80910,168600.0
2016-12-01,70663,125800.0
2016-12-01,78728,249400.0
2016-12-01,75287,308800.0
2016-12-01,58078,237400.0
2016-12-01,76108,141400.0
2017-01-01,99301,194100.0
2017-01-01,76051,318000.0
2017-01-01,78210,85900.0
2017-01-01,76039,203700.0
2017-01-01,75028,312900.0
2017-01-01,15217,292400.0
2017-01-01,75035,341700.0
2017-01-01,2453,537200.0
2017-01-01,78602,170300.0
2017-01-01,76116,160100.0
2017-01-01,76021,236400.0
2017-01-01,75019,382600.0
2017-01-01,76040,188800.0
2017-01-01,43221,306100.0
2017-01-01,77840,189700.0
2017-01-01,78748,262400.0
2017-01-01,78626,212100.0
2017-01-01,37129,195000.0
2017-01-01,43214,266200.0
2017-01-01,80910,170900.0
2017-01-01,70663,125300.0
2017-01-01,78728,252100.0
2017-01-01,75287,309400.0
2017-01-01,58078,238400.0
2017-01-01,76108,143500.0
2017-02-01,99301,196200.0
2017-02-01,76051,320000.0
2017-02-01,78210,87800.0
2017-02-01,76039,205700.0
2017-02-01,75028,314400.0
2017-02-01,15217,294500.0
2017-02-01,75035,342800.0
2017-02-01,2453,543000.0
2017-02-01,78602,170900.0
2017-02-01,76116,161900.0
2017-02-01,76021,238900.0
2017-02-01,75019,386300.0
2017-02-01,76040,190800.0
2017-02-01,43221,311000.0
2017-02-01,77840,192100.0
2017-02-01,78748,263700.0
2017-02-01,78626,213500.0
2017-02-01,37129,196900.0
2017-02-01,43214,269500.0
2017-02-01,80910,172700.0
2017-02-01,70663,125300.0
2017-02-01,78728,253200.0
2017-02-01,75287,309900.0
2017-02-01,58078,239800.0
2017-02-01,76108,145500.0
2017-03-01,99301,198500.0
2017-03-01,76051,321200.0
2017-03-01,78210,89300.0
2017-03-01,76039,206900.0
2017-03-01,75028,316000.0
2017-03-01,15217,295800.0
2017-03-01,75035,344300.0
2017-03-01,2453,549400.0
2017-03-01,78602,171700.0
2017-03-01,76116,163900.0
2017-03-01,76021,241200.0
2017-03-01,75019,389400.0
2017-03-01,76040,192300.0
2017-03-01,43221,316000.0
2017-03-01,77840,193600.0
2017-03-01,78748,265000.0
2017-03-01,78626,215700.0
2017-03-01,37129,199100.0
2017-03-01,43214,273300.0
2017-03-01,80910,174700.0
2017-03-01,70663,125900.0
2017-03-01,78728,253600.0
2017-03-01,75287,311600.0
2017-03-01,58078,240700.0
2017-03-01,76108,147100.0
2017-04-01,99301,200200.0
2017-04-01,76051,322600.0
2017-04-01,78210,91200.0
2017-04-01,76039,208000.0
2017-04-01,75028,317800.0
2017-04-01,15217,297000.0
2017-04-01,75035,346500.0
2017-04-01,2453,554500.0
2017-04-01,78602,173900.0
2017-04-01,76116,166400.0
2017-04-01,76021,243100.0
2017-04-01,75019,392200.0
2017-04-01,76040,193600.0
2017-04-01,43221,319800.0
2017-04-01,77840,195200.0
2017-04-01,78748,266000.0
2017-04-01,78626,217700.0
2017-04-01,37129,201500.0
2017-04-01,43214,276300.0
2017-04-01,80910,177100.0
2017-04-01,70663,126600.0
2017-04-01,78728,254500.0
2017-04-01,75287,314600.0
2017-04-01,58078,241400.0
2017-04-01,76108,148500.0
2017-05-01,99301,201700.0
2017-05-01,76051,324600.0
2017-05-01,78210,94300.0
2017-05-01,76039,209300.0
2017-05-01,75028,319300.0
2017-05-01,15217,299700.0
2017-05-01,75035,349100.0
2017-05-01,2453,557700.0
2017-05-01,78602,177900.0
2017-05-01,76116,168500.0
2017-05-01,76021,244600.0
2017-05-01,75019,394900.0
2017-05-01,76040,195000.0
2017-05-01,43221,322500.0
2017-05-01,77840,197800.0
2017-05-01,78748,267100.0
2017-05-01,78626,219200.0
2017-05-01,37129,203300.0
2017-05-01,43214,278900.0
2017-05-01,80910,179800.0
2017-05-01,70663,127500.0
2017-05-01,78728,255500.0
2017-05-01,75287,316900.0
2017-05-01,58078,242400.0
2017-05-01,76108,149600.0
2017-06-01,99301,203500.0
2017-06-01,76051,326900.0
2017-06-01,78210,97500.0
2017-06-01,76039,211200.0
2017-06-01,75028,319400.0
2017-06-01,15217,303100.0
2017-06-01,75035,351000.0
2017-06-01,2453,561400.0
2017-06-01,78602,182000.0
2017-06-01,76116,170300.0
2017-06-01,76021,246200.0
2017-06-01,75019,396900.0
2017-06-01,76040,197200.0
2017-06-01,43221,324100.0
2017-06-01,77840,200600.0
2017-06-01,78748,268100.0
2017-06-01,78626,220900.0
2017-06-01,37129,204900.0
2017-06-01,43214,281100.0
2017-06-01,80910,182200.0
2017-06-01,70663,128000.0
2017-06-01,78728,256300.0
2017-06-01,75287,317800.0
2017-06-01,58078,243100.0
2017-06-01,76108,150600.0
2017-07-01,99301,205400.0
2017-07-01,76051,330300.0
2017-07-01,78210,100300.0
2017-07-01,76039,213700.0
2017-07-01,75028,320000.0
2017-07-01,15217,304700.0
2017-07-01,75035,351800.0
2017-07-01,2453,566000.0
2017-07-01,78602,185800.0
2017-07-01,76116,172400.0
2017-07-01,76021,248200.0
2017-07-01,75019,398900.0
2017-07-01,76040,200200.0
2017-07-01,43221,325600.0
2017-07-01,77840,201600.0
2017-07-01,78748,268400.0
2017-07-01,78626,222600.0
2017-07-01,37129,207600.0
2017-07-01,43214,282500.0
2017-07-01,80910,184400.0
2017-07-01,70663,130700.0
2017-07-01,78728,257100.0
2017-07-01,75287,319600.0
2017-07-01,58078,243500.0
2017-07-01,76108,152100.0
2017-08-01,99301,207500.0
2017-08-01,76051,332900.0
2017-08-01,78210,102900.0
2017-08-01,76039,215600.0
2017-08-01,75028,322100.0
2017-08-01,15217,304700.0
2017-08-01,75035,353100.0
2017-08-01,2453,571600.0
2017-08-01,78602,189600.0
2017-08-01,76116,174500.0
2017-08-01,76021,250100.0
2017-08-01,75019,401400.0
2017-08-01,76040,203100.0
2017-08-01,43221,327400.0
2017-08-01,77840,200700.0
2017-08-01,78748,268700.0
2017-08-01,78626,224200.0
2017-08-01,37129,211100.0
2017-08-01,43214,283600.0
2017-08-01,80910,186500.0
2017-08-01,70663,136800.0
2017-08-01,78728,257800.0
2017-08-01,75287,322300.0
2017-08-01,58078,244200.0
2017-08-01,76108,153800.0
2017-09-01,99301,210100.0
2017-09-01,76051,334000.0
2017-09-01,78210,105600.0
2017-09-01,76039,215900.0
2017-09-01,75028,325500.0
2017-09-01,15217,305600.0
2017-09-01,75035,356100.0
2017-09-01,2453,577600.0
2017-09-01,78602,193100.0
2017-09-01,76116,176000.0
2017-09-01,76021,251200.0
2017-09-01,75019,404800.0
2017-09-01,76040,204900.0
2017-09-01,43221,329600.0
2017-09-01,77840,199700.0
2017-09-01,78748,270100.0
2017-09-01,78626,225400.0
2017-09-01,37129,214100.0
2017-09-01,43214,285600.0
2017-09-01,80910,188700.0
2017-09-01,70663,142400.0
2017-09-01,78728,258400.0
2017-09-01,75287,325000.0
2017-09-01,58078,244600.0
2017-09-01,76108,154600.0
2017-10-01,99301,212600.0
2017-10-01,76051,335400.0
2017-10-01,78210,107800.0
2017-10-01,76039,216700.0
2017-10-01,75028,328500.0
2017-10-01,15217,305900.0
2017-10-01,75035,358700.0
2017-10-01,2453,584400.0
2017-10-01,78602,194100.0
2017-10-01,76116,178000.0
2017-10-01,76021,252300.0
2017-10-01,75019,407400.0
2017-10-01,76040,207100.0
2017-10-01,43221,331800.0
2017-10-01,77840,199100.0
2017-10-01,78748,272600.0
2017-10-01,78626,227000.0
2017-10-01,37129,216500.0
2017-10-01,43214,288300.0
2017-10-01,80910,190800.0
2017-10-01,70663,145200.0
2017-10-01,78728,259300.0
2017-10-01,75287,325900.0
2017-10-01,58078,244200.0
2017-10-01,76108,155200.0
2017-11-01,99301,214200.0
2017-11-01,76051,335900.0
2017-11-01,78210,108800.0
2017-11-01,76039,218900.0
2017-11-01,75028,331100.0
2017-11-01,15217,304100.0
2017-11-01,75035,360300.0
2017-11-01,2453,590300.0
2017-11-01,78602,192600.0
2017-11-01,76116,180000.0
2017-11-01,76021,252900.0
2017-11-01,75019,408500.0
2017-11-01,76040,209400.0
2017-11-01,43221,334200.0
2017-11-01,77840,198900.0
2017-11-01,78748,274900.0
2017-11-01,78626,229500.0
2017-11-01,37129,219700.0
2017-11-01,43214,291300.0
2017-11-01,80910,193000.0
2017-11-01,70663,147300.0
2017-11-01,78728,260300.0
2017-11-01,75287,326200.0
2017-11-01,58078,243300.0
2017-11-01,76108,156400.0
2017-12-01,99301,216000.0
2017-12-01,76051,334900.0
2017-12-01,78210,110000.0
2017-12-01,76039,222600.0
2017-12-01,75028,331900.0
2017-12-01,15217,303400.0
2017-12-01,75035,362000.0
2017-12-01,2453,596100.0
2017-12-01,78602,191700.0
2017-12-01,76116,181900.0
2017-12-01,76021,253600.0
2017-12-01,75019,409400.0
2017-12-01,76040,211700.0
2017-12-01,43221,336000.0
2017-12-01,77840,199400.0
2017-12-01,78748,276700.0
2017-12-01,78626,232000.0
2017-12-01,37129,223100.0
2017-12-01,43214,293200.0
2017-12-01,80910,195600.0
2017-12-01,70663,149100.0
2017-12-01,78728,260600.0
2017-12-01,75287,326700.0
2017-12-01,58078,243200.0
2017-12-01,76108,158300.0
2018-01-01,99301,217600.0
2018-01-01,76051,333900.0
2018-01-01,78210,111900.0
2018-01-01,76039,226100.0
2018-01-01,75028,332000.0
2018-01-01,15217,304900.0
2018-01-01,75035,364700.0
2018-01-01,2453,602800.0
2018-01-01,78602,191400.0
2018-01-01,76116,183300.0
2018-01-01,76021,254500.0
2018-01-01,75019,411200.0
2018-01-01,76040,213400.0
2018-01-01,43221,337500.0
2018-01-01,77840,199900.0
2018-01-01,78748,277800.0
2018-01-01,78626,233700.0
2018-01-01,37129,225800.0
2018-01-01,43214,294500.0
2018-01-01,80910,198200.0
2018-01-01,70663,150300.0
2018-01-01,78728,260700.0
2018-01-01,75287,328000.0
2018-01-01,58078,243900.0
2018-01-01,76108,160100.0
2018-02-01,99301,218300.0
2018-02-01,76051,336500.0
2018-02-01,78210,114500.0
2018-02-01,76039,228400.0
2018-02-01,75028,333700.0
2018-02-01,15217,307800.0
2018-02-01,75035,366300.0
2018-02-01,2453,608600.0
2018-02-01,78602,192000.0
2018-02-01,76116,185000.0
2018-02-01,76021,255900.0
2018-02-01,75019,411600.0
2018-02-01,76040,215200.0
2018-02-01,43221,338800.0
2018-02-01,77840,201500.0
2018-02-01,78748,279000.0
2018-02-01,78626,234700.0
2018-02-01,37129,227900.0
2018-02-01,43214,296100.0
2018-02-01,80910,200900.0
2018-02-01,70663,151800.0
2018-02-01,78728,262300.0
2018-02-01,75287,330800.0
2018-02-01,58078,244500.0
2018-02-01,76108,161900.0
2018-03-01,99301,218100.0
2018-03-01,76051,341400.0
2018-03-01,78210,117200.0
2018-03-01,76039,229800.0
2018-03-01,75028,337300.0
2018-03-01,15217,311700.0
2018-03-01,75035,366600.0
2018-03-01,2453,610600.0
2018-03-01,78602,194700.0
2018-03-01,76116,186600.0
2018-03-01,76021,257300.0
2018-03-01,75019,411200.0
2018-03-01,76040,216700.0
2018-03-01,43221,340100.0
2018-03-01,77840,204800.0
2018-03-01,78748,280800.0
2018-03-01,78626,235300.0
2018-03-01,37129,230900.0
2018-03-01,43214,297900.0
2018-03-01,80910,203800.0
2018-03-01,70663,152700.0
2018-03-01,78728,265000.0
2018-03-01,75287,333900.0
2018-03-01,58078,244200.0
2018-03-01,76108,163400.0
2018-04-01,99301,217600.0
2018-04-01,76051,344400.0
2018-04-01,78210,119400.0
2018-04-01,76039,231000.0
2018-04-01,75028,339600.0
2018-04-01,15217,314000.0
2018-04-01,75035,366400.0
2018-04-01,2453,609800.0
2018-04-01,78602,197500.0
2018-04-01,76116,187800.0
2018-04-01,76021,258500.0
2018-04-01,75019,411100.0
2018-04-01,76040,217900.0
2018-04-01,43221,340800.0
2018-04-01,77840,207700.0
2018-04-01,78748,282000.0
2018-04-01,78626,235800.0
2018-04-01,37129,233600.0
2018-04-01,43214,299300.0
2018-04-01,80910,205600.0
2018-04-01,70663,153100.0
2018-04-01,78728,266500.0
2018-04-01,75287,335100.0
2018-04-01,58078,243800.0
2018-04-01,76108,164300.0
